origin_id,int_fetaures,float_fetaures,node_label_0,node_label_1,id
52913290,"[42, 208]","[0.2454909619968726, 1307.2011994037516]",1,1,0
93646093,"[39, 248]","[0.7541657659209611, 1363.0114087341558]",0,0,1
40314607,"[28, 228]","[0.5052281934221436, 1229.3731617196315]",0,1,2
24145916,"[56, 264]","[2.80854952588087, 1595.87503449946]",0,0,3
18161028,"[80, 202]","[8.264901190103746, 1701.0297639857856]",0,0,4
61212969,"[61, 211]","[6.074247518879384, 586.0824187836448]",1,0,5
30951634,"[84, 218]","[2.4154140586827233, 516.1903275903638]",1,1,6
72383338,"[21, 271]","[8.692132867745652, 1143.6665519574235]",1,0,7
53913439,"[23, 223]","[5.983978143141809, 1226.8683777032327]",0,0,8
70729371,"[27, 247]","[1.7651887141683842, 1494.56538846496]",1,1,9
14722826,"[31, 231]","[0.25603883585953, 29.37341957612638]",0,0,10
97140311,"[18, 286]","[3.470355594230826, 476.9807438591105]",1,1,11
79242099,"[73, 274]","[7.660030059323683, 313.7257656166972]",1,0,12
93411904,"[62, 265]","[5.65336845041298, 119.38258308573357]",1,1,13
62519249,"[10, 280]","[3.677719555747152, 260.3489687403249]",1,1,14
83547553,"[14, 243]","[7.0387231014188, 120.99977773808513]",1,0,15
81758915,"[33, 275]","[1.1301169994074622, 743.8621260668767]",0,0,16
66099733,"[95, 274]","[4.006208672620954, 561.5747573143263]",1,1,17
20786328,"[25, 273]","[3.1353123795154767, 1241.336483955793]",1,1,18
2122815,"[28, 252]","[3.8447688920553738, 510.9333077744318]",0,1,19
96878561,"[27, 296]","[8.569699036852818, 245.97716361144316]",0,1,20
73364764,"[15, 233]","[4.402328456902995, 444.14046978289457]",0,1,21
7601133,"[18, 270]","[2.350952151146053, 1686.131139638977]",1,0,22
14279641,"[25, 204]","[2.7696084534481513, 59.636430250678664]",1,1,23
54424814,"[99, 220]","[2.0848761434498906, 1167.3061587521531]",0,0,24
34521014,"[28, 201]","[9.906571111337373, 233.67690155471155]",1,1,25
83889885,"[46, 287]","[7.923077522376174, 2.8197918227435004]",1,1,26
8255706,"[66, 216]","[3.625127369094876, 691.8410762919283]",0,0,27
6964218,"[35, 244]","[3.1172025438203708, 609.502249480921]",1,0,28
42077860,"[44, 207]","[7.348642493471606, 1987.603833377849]",1,0,29
33848776,"[40, 279]","[6.957034898500982, 751.664385002692]",0,0,30
59757609,"[72, 213]","[6.194476477088418, 1812.1405022440829]",0,1,31
28183051,"[19, 208]","[7.953304979236771, 1958.2507976218383]",1,1,32
71447024,"[40, 286]","[0.7211293787968809, 448.38427231782487]",1,0,33
68320828,"[21, 226]","[0.6754642440837211, 1884.7199970820511]",1,0,34
67589365,"[41, 216]","[4.356150862371423, 1150.9978244633533]",1,1,35
60478215,"[15, 262]","[9.72350373976434, 426.992335722056]",1,0,36
18812447,"[68, 201]","[8.393067709055826, 1869.7035367630524]",1,1,37
53095236,"[49, 289]","[6.431819797844969, 1854.9606402519846]",0,0,38
51287183,"[42, 243]","[3.191001069356888, 1511.1234583766504]",1,1,39
11941846,"[57, 209]","[4.599896215456843, 764.8764397647963]",1,1,40
28551108,"[97, 292]","[0.7512157295672284, 455.5273685680963]",1,1,41
3459327,"[71, 257]","[8.409692183610293, 1701.1224655996273]",1,1,42
14186362,"[84, 200]","[4.556609218807017, 1743.7645872238654]",1,0,43
42722619,"[69, 260]","[8.062337391514077, 1604.7239469304675]",1,1,44
32347218,"[98, 291]","[4.442631333132572, 1580.325858516737]",0,0,45
19029162,"[91, 297]","[0.40952714443416194, 891.3639550778554]",0,1,46
54729795,"[35, 210]","[5.753455168331748, 1491.1144340817314]",0,1,47
22615788,"[48, 270]","[9.08179208645912, 147.02605873372443]",0,0,48
91226623,"[46, 213]","[2.4871143986745348, 1813.5745597530358]",1,1,49
95351760,"[64, 238]","[1.078845180179585, 216.9674412561855]",0,1,50
99640625,"[86, 286]","[4.0648423534702305, 833.2632025142539]",0,1,51
18725113,"[28, 289]","[9.932760214607315, 1983.5514654991646]",0,1,52
3654497,"[94, 239]","[9.862074406050763, 1714.40407908022]",0,1,53
61647480,"[10, 228]","[3.828955371857762, 1285.9113924322169]",0,1,54
86205110,"[72, 280]","[1.6284807236825938, 145.54037810750754]",1,0,55
15287134,"[11, 222]","[6.867369308553508, 1024.0103419472505]",1,1,56
99045400,"[51, 274]","[7.2686242723183305, 490.5124526252431]",1,0,57
14359601,"[55, 220]","[0.14612276406436142, 779.2256077740583]",1,0,58
18972930,"[11, 277]","[3.0837642087722528, 860.4672178467847]",1,1,59
89214091,"[73, 203]","[6.483726650239246, 925.6030680216985]",0,0,60
52537863,"[34, 203]","[5.361521651022764, 1329.5029499167638]",0,0,61
39923474,"[17, 205]","[0.04766977249723747, 930.4388473622378]",1,0,62
62858801,"[27, 201]","[5.197585513366713, 604.9279893811814]",1,1,63
94924520,"[44, 239]","[1.9125434127209373, 1337.0692306605781]",0,0,64
40111311,"[87, 293]","[9.170499169662142, 244.31169307958876]",0,0,65
47954391,"[78, 215]","[9.707526106141586, 1024.7223011217206]",1,1,66
15580390,"[53, 257]","[7.790271724621068, 99.10940883779861]",1,1,67
4744755,"[16, 265]","[8.481896247113395, 1062.018672836224]",1,1,68
93873128,"[54, 297]","[4.640231820147292, 899.5986773041122]",1,0,69
98450842,"[73, 292]","[5.170308784209489, 1167.924004528026]",1,0,70
71622881,"[22, 204]","[7.836335215086382, 748.9094364690345]",0,0,71
86629714,"[76, 225]","[2.2753906358681606, 1823.1336193232235]",0,0,72
68676115,"[66, 291]","[6.7773159730048445, 132.35877636511174]",1,0,73
94867126,"[71, 249]","[4.126357738875108, 1265.9913415758517]",0,0,74
18669877,"[24, 263]","[6.494440057761767, 877.0213189112424]",0,1,75
81606214,"[69, 283]","[0.7164140210549985, 539.9617380283928]",0,1,76
48051065,"[27, 217]","[1.154028514993396, 678.8901636065434]",0,1,77
35960627,"[86, 294]","[5.250088983493862, 216.98575485054096]",0,1,78
86342058,"[28, 251]","[6.932578288314348, 996.7418179759793]",0,0,79
85350515,"[21, 263]","[5.644297144003635, 13.150937879363944]",0,0,80
73422070,"[27, 235]","[9.444001531886379, 1008.340096302627]",1,1,81
33747135,"[51, 226]","[7.292885196806546, 1981.7079411331954]",1,1,82
62313511,"[46, 211]","[5.449076881427067, 733.3887499370994]",0,1,83
83864688,"[70, 269]","[6.354551455808133, 1186.1769703005505]",0,1,84
16838052,"[92, 261]","[2.2728471642030925, 414.3398216939336]",1,0,85
64329803,"[71, 259]","[3.0000111137033523, 15.796405456445228]",1,1,86
62017977,"[16, 249]","[8.522166191258494, 350.2152120592521]",1,1,87
52118190,"[37, 205]","[9.980322449041003, 1683.274416619228]",0,0,88
18952951,"[35, 281]","[1.97635580644, 604.8468858663863]",0,0,89
78522656,"[100, 282]","[7.0280185557995125, 1405.0414858419663]",1,0,90
29653903,"[57, 226]","[6.853625576883186, 1587.4299355261849]",1,1,91
92720901,"[14, 252]","[7.997047026030818, 1182.9294968883462]",1,1,92
78739582,"[74, 295]","[5.654012490984481, 1093.276772209643]",1,0,93
29388081,"[66, 246]","[0.931964651388425, 530.9948211519724]",0,1,94
48450404,"[43, 291]","[5.826212580362954, 1985.0779876847168]",1,0,95
91858509,"[58, 200]","[8.597650440812231, 22.88145013392029]",0,1,96
94864427,"[42, 261]","[5.650824451541027, 1265.547678711091]",1,0,97
97472775,"[22, 248]","[2.0606547239786144, 864.2446143576956]",0,1,98
90704448,"[31, 202]","[9.131477330349608, 904.5972938957514]",1,1,99
47257257,"[91, 212]","[2.113181624965399, 390.91648400846736]",1,1,100
36778760,"[44, 222]","[0.3701523702242282, 1754.5553479448067]",1,0,101
25785668,"[86, 260]","[7.712570517081496, 707.6040652670117]",1,1,102
44507497,"[85, 200]","[6.881635043887418, 561.15870176154]",0,1,103
95523584,"[40, 248]","[1.147791833777655, 728.7388474775753]",0,0,104
52943905,"[62, 229]","[8.568653418364544, 1356.220580351142]",0,1,105
81508752,"[48, 221]","[2.9567686439233922, 578.5794692065833]",1,1,106
53741341,"[44, 281]","[5.383573574413502, 356.7370783899484]",0,1,107
80134473,"[51, 217]","[0.9936677884627043, 1859.53748239634]",1,0,108
38362203,"[28, 255]","[8.616046154317075, 1485.3091024033424]",0,0,109
11226735,"[20, 255]","[8.964884604025928, 189.0785838750677]",1,1,110
85452402,"[100, 279]","[7.977433186707574, 452.6612807628281]",0,1,111
58985501,"[76, 222]","[7.448597985558592, 807.7788419983423]",0,0,112
52582875,"[23, 278]","[1.398511646664039, 526.6605340095405]",1,1,113
96162211,"[87, 287]","[4.756746999072897, 1450.8752135002078]",0,1,114
65630506,"[55, 220]","[1.9407502198642868, 456.7519353988847]",1,1,115
31818252,"[17, 210]","[9.790694655696349, 533.4230722335728]",1,0,116
56613159,"[37, 259]","[6.5516883769972125, 561.3826198136271]",0,1,117
41834084,"[46, 243]","[6.974067991118929, 1299.405859047026]",0,1,118
84416013,"[100, 235]","[4.189650672152378, 274.34916113569165]",0,0,119
44085917,"[89, 281]","[0.028696842625168806, 679.8317462313057]",1,0,120
59863204,"[14, 226]","[2.7049293651276782, 1291.4371427749581]",1,0,121
7317559,"[29, 224]","[4.2906656154361595, 133.46602178770107]",0,0,122
98267514,"[41, 290]","[7.503496782536323, 713.5057105051286]",1,1,123
1957344,"[33, 206]","[7.355220624296769, 864.5675147441632]",0,0,124
78221493,"[24, 231]","[5.030624021156266, 705.6039744938]",0,1,125
69273852,"[31, 223]","[0.9590295253245129, 1463.8478026688592]",0,0,126
52415231,"[12, 268]","[2.208839764419188, 150.0570698986514]",0,1,127
24763263,"[17, 266]","[6.688099891507468, 447.71848792666316]",1,1,128
58180549,"[78, 218]","[8.158975049980485, 571.150941901039]",0,1,129
94250327,"[97, 206]","[5.44796286851513, 771.4745157860676]",1,1,130
83768918,"[23, 228]","[5.15942567175837, 1874.1571703885277]",1,1,131
33129059,"[22, 272]","[8.00158432366738, 1372.67413786331]",1,0,132
93646850,"[25, 250]","[3.7313897218215986, 1655.5292439582304]",1,0,133
72003118,"[15, 231]","[2.4765922556687183, 1137.09422667834]",1,0,134
37273305,"[69, 300]","[6.857148037873616, 1899.0355320194633]",1,0,135
46267719,"[24, 256]","[8.325385513085182, 887.8905211098629]",0,0,136
34997044,"[85, 298]","[4.385656249255058, 1860.0173288378478]",1,1,137
13218527,"[22, 283]","[3.984662228748641, 1285.5408929687076]",1,1,138
24833119,"[66, 254]","[7.386908333505225, 384.5610138156763]",1,1,139
44965299,"[12, 225]","[3.7442797849509546, 952.849573095164]",1,1,140
83367715,"[13, 287]","[8.241182156533222, 1350.916540177286]",0,0,141
89565900,"[54, 249]","[5.543760360806101, 1605.7076205266765]",0,0,142
66632684,"[68, 277]","[3.594052788866877, 1628.2752306122186]",1,1,143
54237624,"[44, 271]","[8.550297042642413, 1608.9067052731136]",0,1,144
99002727,"[63, 212]","[7.071733547272405, 207.9724101266942]",0,0,145
1276415,"[19, 215]","[8.418914338725502, 1404.5798515122103]",0,0,146
2058885,"[18, 200]","[1.6263573523844332, 768.9212729972803]",1,0,147
94170935,"[58, 262]","[1.2188697979383656, 961.7966053378116]",1,0,148
93940925,"[72, 204]","[4.616291533006265, 649.2920688006681]",0,0,149
94627612,"[76, 277]","[5.955379746632322, 1355.0647021388945]",1,1,150
56361463,"[97, 204]","[9.972243692802309, 1397.290169562958]",0,1,151
18457885,"[75, 258]","[9.758752771333809, 219.89650950817153]",0,1,152
60647703,"[11, 241]","[7.264348866942113, 419.45887045214226]",0,1,153
87888340,"[91, 207]","[1.235364294592447, 1002.1140637559503]",1,0,154
88764247,"[88, 247]","[2.0522341828591406, 1964.5583179623748]",0,0,155
2853282,"[18, 291]","[0.7175158264181336, 665.7295188991303]",1,0,156
45048726,"[40, 240]","[3.193237956672025, 1177.1776177185704]",0,0,157
63481832,"[70, 297]","[3.7053712495177105, 1296.6739222314152]",1,1,158
56500809,"[51, 273]","[9.487084582705283, 1379.588320839156]",0,1,159
19237518,"[39, 295]","[2.668154580769718, 1741.3375795424238]",1,1,160
39017517,"[89, 276]","[9.168521483134654, 513.0832946971966]",0,1,161
66679054,"[52, 207]","[4.319345102507035, 1888.7555682919976]",0,0,162
61168239,"[76, 267]","[7.111826002293416, 1623.7573903701202]",1,0,163
51888626,"[85, 258]","[5.460544125528791, 402.72427331344153]",0,0,164
79483933,"[15, 211]","[8.258615536987042, 1434.938701637548]",1,1,165
7391595,"[25, 214]","[4.125157644944149, 194.15370037860225]",1,1,166
66632743,"[81, 222]","[6.0260783827594855, 276.20987040565615]",1,1,167
45484100,"[67, 280]","[6.025066585789078, 16.770655682186273]",0,0,168
87526478,"[50, 292]","[0.6993466507192758, 1614.164212302495]",0,0,169
80455379,"[15, 222]","[8.105326046840513, 1956.6377172384416]",1,0,170
63192423,"[38, 286]","[9.742499270559437, 1995.8054943038378]",0,0,171
67810617,"[23, 268]","[7.455630839893061, 179.0261761283274]",1,1,172
76586924,"[46, 295]","[4.7970876681332335, 274.4219417606653]",1,1,173
4562985,"[38, 250]","[6.472160689001401, 216.65630933871526]",1,0,174
74412144,"[20, 281]","[7.356213145201455, 1198.9186818944995]",1,1,175
5572633,"[72, 291]","[9.312271113624918, 1305.1062579525958]",1,0,176
8855175,"[35, 256]","[6.007700615803479, 1084.703734106223]",0,1,177
30149684,"[91, 277]","[2.4455721976140343, 895.8481866035588]",0,0,178
17890565,"[51, 293]","[6.6528120510594855, 1943.4986260265848]",1,1,179
84598553,"[75, 298]","[6.357030734699053, 1651.8697879268645]",1,1,180
56709216,"[67, 238]","[6.07740527948293, 1299.7506081006568]",0,1,181
92564608,"[100, 218]","[7.916695410349119, 974.7561297958509]",1,1,182
82936433,"[73, 252]","[3.5907381202124755, 18.694448891966474]",0,0,183
75321718,"[80, 259]","[7.63559186265605, 703.1959409515234]",1,0,184
35391164,"[13, 297]","[8.759093120005565, 518.6642707382348]",1,1,185
4654643,"[79, 222]","[6.423266450307368, 316.5220805004674]",0,0,186
99810256,"[71, 298]","[9.05175408245542, 66.96644204198287]",0,0,187
59931370,"[25, 267]","[4.584345530081019, 154.02568934275163]",0,0,188
96932440,"[88, 265]","[2.3379827909629913, 1639.6788254892433]",1,0,189
79390312,"[36, 226]","[3.393607175738725, 1779.9888197497326]",1,0,190
21363711,"[75, 228]","[2.472093161522956, 477.59615444028225]",0,1,191
35975465,"[29, 233]","[4.155922095954279, 304.08963653478247]",1,0,192
57593046,"[41, 275]","[1.6879312597224405, 573.6403938913456]",1,1,193
99324287,"[65, 200]","[9.143064280020093, 1480.9667035173848]",0,1,194
61247546,"[33, 246]","[5.711179661195608, 449.4707454782176]",0,0,195
36416673,"[14, 247]","[1.9627532217427346, 1520.4059200437678]",1,0,196
10440956,"[69, 233]","[3.339866602735213, 297.9695691931747]",0,1,197
91517541,"[37, 253]","[2.8814467139782316, 90.4020225072788]",0,0,198
30505086,"[66, 222]","[0.8128112741465277, 415.0760011457677]",0,1,199
70208801,"[30, 230]","[0.3963972854142639, 149.59968742681662]",0,0,200
78940178,"[25, 288]","[8.362331754988793, 1629.565482022403]",1,0,201
56021427,"[70, 226]","[1.3668096802463092, 78.1014235607127]",1,0,202
19760176,"[82, 292]","[9.325133263601376, 934.6542753641594]",1,0,203
26957315,"[54, 269]","[8.342607532079198, 458.1528611957928]",1,0,204
20691229,"[66, 287]","[7.352498036710009, 625.0492049320766]",0,1,205
22685140,"[66, 257]","[3.017270131563027, 1388.5554701246529]",1,1,206
16922964,"[69, 240]","[1.1717300612363246, 771.8593149791377]",0,0,207
32195622,"[73, 273]","[3.1171423858150202, 35.78449934335004]",1,0,208
92572596,"[51, 240]","[1.5367437945854556, 1083.0455500413916]",1,0,209
4923201,"[42, 209]","[3.004949496010604, 517.5719637504701]",0,0,210
99351701,"[17, 290]","[2.4662006879395557, 1568.6616506591538]",0,0,211
77574123,"[63, 256]","[8.081666058327585, 396.95917335130537]",0,1,212
58176601,"[67, 291]","[4.773601790261601, 642.2004077303723]",0,0,213
47320776,"[47, 288]","[3.601237963241285, 570.9462640686218]",0,0,214
62871650,"[16, 244]","[6.929007949755135, 1930.7714237962216]",1,1,215
16207213,"[29, 298]","[3.4829852133658434, 731.5386435740731]",0,0,216
30255613,"[62, 261]","[6.767290005630401, 1646.5197121634421]",0,1,217
71532499,"[50, 234]","[9.995293589319639, 386.13910829752405]",1,0,218
52628152,"[31, 278]","[1.2682025119953955, 1884.3704659131745]",0,0,219
73415669,"[73, 201]","[4.739441333031545, 784.9888101443021]",1,1,220
12221428,"[90, 288]","[0.4336709195110955, 1825.778439708046]",0,1,221
7940673,"[42, 219]","[8.79154061556521, 869.2660298696353]",1,0,222
29465404,"[43, 240]","[9.059148546476996, 199.94655108129967]",1,0,223
44396368,"[61, 282]","[7.037491768216931, 1780.210035656368]",1,0,224
17517438,"[12, 250]","[5.801878438970059, 903.752537466121]",0,0,225
21038160,"[99, 253]","[6.191803530269736, 1504.638822091437]",1,0,226
52029429,"[55, 276]","[0.9438730327287859, 682.1278467827963]",1,0,227
52895620,"[79, 214]","[7.031649140839135, 166.9768814639534]",0,0,228
15272085,"[67, 265]","[8.487923745772093, 1686.3971309307076]",1,0,229
84165555,"[49, 202]","[3.8742159331808255, 896.2443377255263]",1,1,230
46339401,"[75, 203]","[3.569862751569289, 346.10486504924665]",1,0,231
39001507,"[66, 243]","[6.681415732061891, 1038.2221434734356]",1,1,232
81347992,"[100, 219]","[2.5566582208499513, 496.7631636583019]",1,0,233
57911977,"[46, 226]","[0.6139817089366817, 1382.8971007225464]",0,1,234
68295108,"[97, 282]","[0.8494701109815428, 451.0480547796145]",0,0,235
10296901,"[13, 207]","[8.893054306313518, 141.15401044899457]",0,1,236
26399400,"[33, 210]","[5.407971922326289, 1828.6266634783751]",1,1,237
64436135,"[27, 244]","[2.091302089689453, 1861.5045273962533]",0,0,238
12651396,"[98, 242]","[6.293546474887167, 774.0561524933622]",1,1,239
24046999,"[31, 215]","[5.919930071291098, 1281.5964795741127]",0,1,240
93296587,"[82, 229]","[7.111037705172004, 924.1701864963716]",0,1,241
45469648,"[11, 250]","[2.392658487017749, 415.2696541906573]",0,1,242
67009141,"[98, 267]","[3.690375631884011, 132.8255452476892]",0,0,243
75793687,"[97, 264]","[5.693464536470892, 823.8994091876415]",0,0,244
2997496,"[20, 286]","[1.4950529396260603, 1590.7736863535229]",0,0,245
76069253,"[93, 215]","[9.992316425109408, 751.8184415596662]",0,1,246
24513235,"[48, 206]","[7.813641622975753, 1896.1466374252864]",1,1,247
60211268,"[65, 257]","[8.364154901185017, 251.3896565206253]",0,0,248
47202188,"[77, 217]","[3.3427076219228224, 1881.836565905388]",1,0,249
77052093,"[82, 264]","[2.9128692014363233, 1293.4003880280732]",1,0,250
6608061,"[39, 229]","[2.06365892149588, 1598.685140265921]",0,0,251
51976280,"[24, 275]","[6.178605200254057, 1358.8737967865075]",1,0,252
56932773,"[46, 287]","[7.917562136406681, 218.8532919921522]",0,1,253
19208829,"[13, 249]","[3.9393850382179894, 393.2703016845893]",0,0,254
13425268,"[93, 207]","[3.162135111280654, 1752.37008071705]",0,1,255
94537532,"[10, 235]","[0.031025591699891386, 1578.1572385469253]",1,1,256
48292069,"[11, 275]","[8.581474897023236, 1683.1062640128769]",1,1,257
16434318,"[87, 254]","[5.664483406241095, 1800.8205802042824]",1,1,258
21079868,"[46, 243]","[1.2509717666918485, 453.20453593138967]",0,0,259
47298557,"[31, 217]","[1.039239170804378, 744.4114360252712]",1,1,260
66304298,"[56, 293]","[0.3881328223099523, 406.0471653339226]",0,1,261
55288450,"[31, 285]","[9.713849561111088, 65.83000403808103]",1,0,262
29168827,"[11, 245]","[6.83195119306109, 920.7516922687739]",0,1,263
26852892,"[45, 248]","[1.820464937776276, 1158.6208390783888]",0,0,264
65030190,"[62, 201]","[1.196662921610434, 31.579393627543475]",1,0,265
46704517,"[66, 245]","[0.6182797043923716, 1305.2750249371522]",1,1,266
78622715,"[48, 273]","[0.8451511284159918, 173.47959878531637]",1,0,267
2274258,"[60, 244]","[5.3287683653875675, 1637.7977011184773]",0,0,268
21341128,"[19, 298]","[9.898950324015038, 841.3156448617818]",1,1,269
90803846,"[15, 204]","[9.612369824137973, 1966.1240554239168]",1,0,270
24250972,"[84, 276]","[7.5966048875886125, 947.6873148663975]",0,1,271
54961898,"[16, 213]","[3.878879692583995, 887.8451274256701]",0,0,272
48458965,"[64, 209]","[6.712639177127958, 739.3281603665995]",0,0,273
89339950,"[20, 239]","[1.602893653358286, 437.36384823973174]",1,0,274
18508282,"[92, 299]","[7.566627178969655, 969.8624915265221]",1,0,275
78948225,"[21, 247]","[2.081265991063944, 1398.4329247354817]",0,1,276
41419849,"[88, 244]","[9.49277611644921, 253.2388452477412]",0,1,277
97979266,"[37, 211]","[6.814451376705575, 61.887777752441586]",0,1,278
33890429,"[65, 253]","[0.7719979929947207, 93.47692160395349]",1,1,279
76266002,"[51, 203]","[3.007631800375715, 1849.1323045163122]",0,0,280
59209299,"[49, 276]","[4.015185348067338, 1950.8557761561694]",1,1,281
17944166,"[35, 233]","[3.023149748969799, 1924.9752607155829]",0,1,282
61279292,"[31, 206]","[5.111082026232054, 813.4087898321613]",1,0,283
54327245,"[28, 221]","[4.900059181959644, 904.3369257488349]",0,1,284
97997255,"[15, 216]","[8.078010108186644, 529.8745351694985]",0,0,285
93640916,"[42, 266]","[6.995570694390602, 847.240604463657]",1,0,286
82051728,"[93, 225]","[1.4215864238377884, 361.05198174951727]",0,1,287
12523574,"[21, 207]","[7.534048770879983, 1314.5380132703397]",0,0,288
80600630,"[13, 229]","[3.4577283636564013, 1394.705536678773]",0,1,289
16323771,"[66, 227]","[8.862077026673383, 199.267809026221]",0,1,290
12932460,"[31, 215]","[0.8263230334901395, 1641.9619990975948]",0,1,291
37461538,"[53, 268]","[4.489750732945312, 1936.9587005857163]",0,1,292
6356917,"[18, 217]","[2.0693638358300372, 550.3902723222585]",1,0,293
30206100,"[20, 248]","[1.20543390689425, 1038.7098202416855]",0,1,294
11423942,"[89, 274]","[7.9825312048077155, 457.00241549411345]",1,1,295
45944366,"[11, 296]","[9.240765329527829, 327.8242495321131]",1,1,296
25671112,"[15, 222]","[4.440546212806336, 1116.1900394826873]",1,0,297
90492844,"[98, 209]","[5.982101674113785, 1605.9674087111769]",0,1,298
33717534,"[98, 280]","[3.7468546459633147, 364.25102536492494]",0,0,299
70726608,"[67, 247]","[1.831810441034809, 109.52971688298075]",1,1,300
21742096,"[67, 220]","[8.950401303285739, 1439.7372604252616]",1,1,301
93267505,"[73, 247]","[5.07839415922546, 498.3505816421503]",0,1,302
14528610,"[92, 288]","[3.6031606898683624, 25.500348520813176]",1,1,303
3678146,"[87, 218]","[5.761152744498177, 1433.4676845920455]",0,1,304
3981186,"[67, 222]","[7.871819441565315, 529.4810497140556]",1,1,305
26135697,"[74, 257]","[4.463704397890548, 915.3522219863463]",1,0,306
73223729,"[88, 279]","[5.383889912297441, 232.059704921741]",1,0,307
3872231,"[32, 249]","[9.4146059978144, 1551.0482523882379]",1,1,308
28298312,"[27, 247]","[4.1501879472040475, 288.56398478546794]",1,0,309
31412477,"[32, 268]","[7.612515966766168, 925.9631270047574]",0,1,310
51024710,"[91, 283]","[2.296997237758042, 826.81098018767]",0,0,311
33473030,"[81, 236]","[0.05873806966665174, 1368.3049822842308]",1,0,312
13793363,"[44, 295]","[0.7889040505280709, 268.560628725679]",1,1,313
62680924,"[13, 250]","[8.584814749666183, 615.5463424116683]",0,1,314
45443657,"[23, 287]","[7.036974780212189, 1059.4352158409542]",1,0,315
89585994,"[72, 264]","[6.991292908553456, 1834.7687371514373]",1,0,316
70524512,"[34, 297]","[2.4300542635981817, 1980.4754316844799]",1,1,317
73486837,"[34, 210]","[4.0677110415414965, 1141.7742954068526]",0,1,318
58414935,"[43, 275]","[9.269957477884025, 865.8977905088592]",0,1,319
83267934,"[47, 246]","[5.258745542971711, 1650.7604310423649]",0,0,320
45515442,"[48, 232]","[0.6482674831631607, 1251.0199045189916]",0,0,321
73707545,"[37, 232]","[0.05998631671962906, 1160.6178350125847]",0,0,322
70855219,"[52, 204]","[2.2391008934406367, 1237.2420153027526]",1,0,323
78413931,"[39, 291]","[2.091393410771658, 1209.302302090734]",1,1,324
41184872,"[94, 213]","[3.5505540565216798, 640.0108812118863]",1,0,325
35251818,"[60, 255]","[7.407582155419301, 539.6604775590499]",1,0,326
77275848,"[22, 268]","[9.88111561494502, 549.7723273645782]",1,1,327
8120820,"[17, 221]","[7.409763644351938, 303.91541610869655]",1,1,328
19232758,"[91, 233]","[9.829444624533341, 553.5326217494429]",0,0,329
59492776,"[98, 274]","[8.130038977118414, 773.873114943056]",0,1,330
49339018,"[23, 249]","[7.606124158978255, 363.3025512698862]",1,1,331
10638601,"[18, 236]","[4.158097362695655, 468.2645023899603]",1,1,332
34873668,"[54, 202]","[1.499394919529613, 220.90810811669036]",1,1,333
67162304,"[71, 230]","[5.890992899727916, 790.7163249826907]",0,1,334
38279288,"[36, 209]","[4.520518443057781, 1701.616748227859]",0,0,335
29019934,"[98, 218]","[7.376118349717824, 560.6214200477775]",0,1,336
46713421,"[21, 256]","[4.7162797083920776, 1596.8641964133753]",0,1,337
84320039,"[25, 212]","[7.751794652759157, 1949.1276169892383]",0,0,338
40721785,"[74, 238]","[4.179853115430748, 524.8582490678862]",0,1,339
45358004,"[80, 201]","[2.9902099252949865, 800.6224480483754]",1,1,340
45575301,"[65, 239]","[1.730646557427321, 686.2280650478536]",1,0,341
90222740,"[40, 248]","[1.810162976166776, 615.4088099089663]",1,0,342
5880758,"[53, 210]","[1.9770627257109674, 1424.2762606753627]",1,1,343
80422807,"[73, 240]","[3.1727410161246796, 725.3117151994426]",0,0,344
75096862,"[70, 206]","[3.5706553074513394, 1896.827355850532]",0,0,345
97984602,"[72, 240]","[9.305894866739294, 347.2635135833115]",0,0,346
67435329,"[49, 223]","[4.694155738354145, 605.8911472529285]",0,0,347
62573132,"[80, 238]","[1.7952663915315636, 54.89902903381605]",1,0,348
68942466,"[21, 299]","[9.781492334748357, 1075.3729842098726]",1,1,349
49215528,"[90, 279]","[5.285228143182541, 862.604669240168]",1,0,350
68562456,"[90, 206]","[3.3312456321706474, 279.0379078689238]",0,1,351
38804264,"[26, 255]","[0.13263873752876854, 1596.8279296448661]",1,1,352
15264661,"[45, 259]","[1.8808283447563523, 1492.7896456814565]",0,0,353
96371570,"[95, 272]","[6.908281343299017, 595.6221707373084]",0,0,354
92283697,"[66, 239]","[1.90030072859655, 1627.7533736925823]",0,0,355
70840601,"[11, 282]","[9.242113615362427, 1950.8914867780609]",1,1,356
33942011,"[65, 256]","[1.1603033144559072, 82.45972532170809]",1,1,357
91532142,"[32, 201]","[9.82233954776451, 1638.7856219226721]",1,0,358
55728588,"[83, 248]","[1.8581746579885228, 1804.7236244632732]",0,1,359
7013194,"[66, 245]","[5.301935991455431, 1632.9526656384387]",0,0,360
6269697,"[67, 294]","[5.205785382407911, 786.5519385406047]",1,0,361
64069484,"[56, 228]","[0.07589766656439623, 940.3620611732999]",0,0,362
57873880,"[40, 206]","[4.802554764067565, 1397.3165984451045]",1,0,363
27997766,"[53, 210]","[0.5685371787187554, 958.7683204347177]",1,0,364
77791826,"[58, 239]","[7.473036122720732, 197.8358974342451]",0,1,365
81780015,"[89, 242]","[8.329140821099708, 568.5246671407004]",0,1,366
13035801,"[43, 233]","[6.941584287715189, 1447.0380635731165]",1,0,367
27008796,"[50, 232]","[7.400705261955506, 365.52005746435066]",0,0,368
43103461,"[83, 206]","[2.53541443174087, 1483.6924165839876]",0,0,369
12375761,"[42, 205]","[6.670434083469747, 993.2789373028679]",1,0,370
12912837,"[95, 288]","[6.747797526655781, 1002.7445361097696]",1,0,371
78562346,"[49, 230]","[9.718007751549996, 717.2739046291388]",1,0,372
50301001,"[18, 241]","[2.3636939500698095, 1871.2883112783848]",0,0,373
64979475,"[47, 288]","[8.132252741890385, 349.77515007726055]",1,1,374
60226764,"[24, 241]","[3.4940982067781134, 435.1692310558872]",1,0,375
29044076,"[50, 261]","[3.751812050384852, 466.9264081300837]",1,1,376
85196390,"[21, 293]","[6.796944804611567, 466.5982954655685]",0,0,377
45950106,"[76, 267]","[4.849608548214296, 1108.9564161525795]",0,0,378
84878014,"[56, 281]","[9.498067649104886, 936.2096938052438]",1,1,379
25754744,"[55, 209]","[1.3815147054138355, 1086.2064826986875]",0,1,380
55883576,"[37, 253]","[0.6713574954562995, 1385.5182973079386]",1,0,381
28751123,"[40, 220]","[1.379575937947286, 1728.2537867236774]",1,0,382
67025723,"[87, 244]","[4.605356027748857, 426.51567644733433]",1,0,383
62416107,"[100, 234]","[5.849951732094114, 183.96917235766796]",1,0,384
54244708,"[98, 287]","[7.486042482624745, 1219.1856574171854]",0,1,385
77490236,"[55, 265]","[7.002887988280038, 116.28463303749092]",1,1,386
46722099,"[45, 246]","[7.982104580800449, 1489.996769618878]",0,0,387
48572474,"[91, 271]","[6.122936713172994, 14.458186712151377]",0,0,388
36514086,"[42, 299]","[2.813182373091121, 1389.10042891932]",0,0,389
42892472,"[99, 274]","[8.453494175522284, 1083.613262541388]",0,1,390
1291867,"[22, 211]","[4.581345826702895, 1804.9955054379884]",1,0,391
10663945,"[25, 238]","[8.557047159496033, 1272.9167139158894]",1,1,392
35285498,"[55, 258]","[8.844171891977219, 962.1102753429602]",0,1,393
86931229,"[45, 270]","[3.2352549946503495, 1869.8820317676689]",1,1,394
24847897,"[78, 215]","[2.1949887905500356, 1752.44833025288]",1,1,395
75720205,"[48, 246]","[0.7158326237318746, 529.7863029037959]",1,1,396
80304835,"[71, 295]","[4.70264114844425, 742.5973373658987]",1,0,397
90762994,"[36, 250]","[9.716452209777533, 407.38801752733747]",0,1,398
16107610,"[26, 234]","[8.871188410029468, 278.44462793218327]",1,0,399
66694777,"[65, 275]","[0.6157564532127913, 256.2934424949421]",1,1,400
57087452,"[66, 245]","[8.254567491284956, 1706.0480686436897]",1,1,401
12028460,"[83, 248]","[0.16751410025170888, 749.5552495277861]",0,0,402
18749374,"[72, 229]","[9.347656227373376, 1135.8849722489279]",0,0,403
10309049,"[49, 227]","[4.8873858247662625, 872.8492686422542]",0,1,404
6678957,"[25, 275]","[1.7290454030389124, 156.0949982129045]",1,0,405
79772107,"[20, 207]","[6.319252393020899, 930.6312698709769]",1,0,406
38030200,"[37, 249]","[0.6327520949636933, 995.3273298323504]",1,0,407
44382541,"[70, 290]","[6.317147879601434, 1924.6740351945016]",0,1,408
71655000,"[36, 272]","[7.351666029678049, 441.5724864827737]",0,0,409
43905762,"[63, 227]","[8.307804795688547, 773.6211987457431]",1,1,410
76113830,"[51, 298]","[1.0427119741188218, 692.3343560381463]",0,1,411
16448739,"[91, 219]","[8.910206808145588, 414.03664881951886]",0,1,412
14776143,"[47, 258]","[0.8308570779756574, 667.6215406774648]",0,0,413
21635404,"[33, 296]","[3.2031783372907396, 1451.7750204068009]",0,1,414
46890235,"[81, 259]","[6.635943264716639, 681.0661233460065]",1,1,415
15675730,"[29, 290]","[5.535697425832381, 1319.0248152828678]",1,1,416
36939955,"[30, 232]","[9.267710780391315, 1373.0638803875459]",0,0,417
90701466,"[39, 259]","[6.075375576322105, 1582.21686413323]",1,0,418
58155029,"[85, 223]","[4.758103844036524, 1378.8988323467836]",0,0,419
93368543,"[19, 260]","[5.927211835973118, 1846.5019012178145]",0,0,420
28918808,"[90, 269]","[8.646799905214074, 1048.889523111483]",1,1,421
95175718,"[77, 206]","[9.204680715215204, 1498.9167375905338]",0,0,422
25608298,"[63, 267]","[9.52331124116473, 813.2130799033604]",1,0,423
20005602,"[98, 243]","[2.0247155233352068, 1825.0403462730594]",1,0,424
27897572,"[37, 264]","[0.21079732016577535, 21.756614287840037]",1,0,425
61430358,"[92, 262]","[9.96644879274953, 1128.8924498455137]",1,0,426
83722260,"[87, 279]","[3.948180307521344, 483.11781290626766]",0,0,427
32785159,"[65, 228]","[9.086648260864138, 1195.7905988696314]",1,0,428
65531791,"[41, 259]","[9.787043449831641, 1262.4463375509984]",1,1,429
76835440,"[67, 205]","[3.077662691978605, 1936.9938767662998]",0,0,430
4249308,"[30, 250]","[8.819128843279348, 1834.5626055779996]",0,0,431
29109785,"[18, 240]","[0.5436121473097066, 93.53448821323784]",1,0,432
14893179,"[58, 232]","[8.243354378761364, 481.7806602364951]",1,0,433
46373459,"[40, 228]","[0.5188824154733962, 190.35308315514078]",0,1,434
55814795,"[77, 231]","[1.3800924037325202, 317.70190459641066]",1,0,435
88801515,"[43, 298]","[4.9187122144786075, 1757.1280734850825]",0,1,436
96316619,"[82, 244]","[7.727394151064252, 1149.494829172799]",1,0,437
72201572,"[41, 207]","[6.395843165567728, 1458.4215467882384]",0,1,438
55076502,"[15, 224]","[8.631386438673605, 434.53079013914373]",0,0,439
49017388,"[77, 212]","[6.761331654069302, 1081.2783620632365]",0,0,440
43221466,"[77, 289]","[0.46457379616073546, 1792.2588673017228]",0,1,441
66228077,"[48, 283]","[8.940243485821536, 454.74064557643914]",1,1,442
64479862,"[13, 241]","[8.838696620768376, 1320.3448993911402]",1,1,443
75919659,"[83, 264]","[1.593631129237001, 299.61153803581556]",1,1,444
72552815,"[63, 269]","[5.875098705735825, 1513.5731628968085]",0,0,445
39794651,"[96, 287]","[9.400378868512187, 996.0580357952158]",1,0,446
87321947,"[19, 279]","[8.789693414644866, 1246.2721194966666]",1,1,447
95247461,"[63, 252]","[9.475821613969073, 174.0709020675868]",0,1,448
33825812,"[29, 271]","[9.918686777447336, 1765.7014010288176]",0,1,449
82070785,"[50, 264]","[2.1498969155147716, 1391.7644618601144]",1,0,450
30867005,"[99, 278]","[7.377557743153994, 1575.8002831681727]",1,1,451
83806370,"[64, 209]","[4.7095180034474975, 1413.0388640259878]",1,0,452
32838327,"[83, 280]","[4.422875889820181, 499.1151698031313]",1,1,453
20863464,"[17, 227]","[1.2311802655892445, 437.13304692270725]",0,1,454
56701536,"[33, 282]","[5.873793872135283, 1229.6190955772463]",1,1,455
44969603,"[64, 258]","[8.705269330166415, 1415.5575393351223]",1,0,456
74518687,"[20, 227]","[8.53219321046928, 1057.4046946409476]",1,1,457
83260554,"[84, 241]","[6.173078311199205, 1396.26280813787]",0,1,458
77736526,"[96, 260]","[2.9905918271709, 1338.8554002612736]",1,1,459
82642047,"[18, 287]","[1.2626338572641704, 1358.196783419889]",1,1,460
54642661,"[100, 267]","[4.988891109883715, 58.54568508326508]",0,1,461
67609539,"[20, 257]","[2.651420379464391, 1037.422247974031]",1,0,462
98189177,"[10, 254]","[3.4192066743729663, 1785.275250533207]",0,1,463
15973646,"[86, 289]","[5.638695732067456, 1214.0503304114638]",0,0,464
46684346,"[87, 211]","[9.242564272817344, 384.99946680804896]",1,0,465
9536284,"[58, 212]","[9.21514905415455, 385.58976879447073]",1,0,466
58746255,"[82, 231]","[9.46394878614773, 791.0685931818778]",0,1,467
66934837,"[64, 239]","[4.425507642437667, 1622.9459280912508]",1,0,468
90132645,"[54, 235]","[6.009258196850135, 1186.1800031121552]",1,1,469
88549753,"[98, 264]","[9.47484614447651, 319.05982610432005]",1,0,470
42309795,"[95, 269]","[0.5230169486362513, 636.8879069417346]",1,1,471
62272231,"[21, 215]","[6.620522197503007, 758.8537752959097]",1,0,472
19192029,"[13, 288]","[9.162078493441753, 84.08607494087383]",1,0,473
73299029,"[17, 242]","[5.515778491862165, 111.19824785568899]",0,1,474
79559821,"[23, 219]","[7.951540084263761, 466.03699178950865]",1,0,475
44326929,"[14, 278]","[3.3864304523579305, 659.5128537254733]",1,1,476
82787131,"[54, 233]","[2.5159287603362768, 1024.2880386265551]",0,1,477
61184340,"[76, 257]","[9.04878153029048, 1932.0762076318822]",1,0,478
72700422,"[49, 214]","[4.031132267822103, 605.2434196801155]",1,1,479
54131509,"[93, 217]","[0.36280344435582923, 1122.741538247179]",1,1,480
55930667,"[76, 293]","[4.381907684605472, 19.286887649755833]",1,1,481
83798729,"[53, 228]","[3.0802117818972343, 54.090888361821186]",0,0,482
10932084,"[94, 254]","[0.5307629739920317, 1732.6797898890018]",1,1,483
90684771,"[17, 230]","[1.2496612467081114, 1684.00611931345]",1,1,484
62232737,"[10, 213]","[4.419905553241885, 1638.7981931302359]",1,0,485
32051222,"[20, 292]","[4.45882211850852, 1503.422353887897]",1,1,486
83379635,"[92, 235]","[8.638661173705176, 1809.255154083195]",1,0,487
4043214,"[29, 222]","[1.2058189194352242, 983.4836853166245]",1,0,488
34276120,"[19, 272]","[7.292809253375627, 1365.6914323055419]",0,1,489
71304391,"[73, 252]","[3.4747497158295184, 1803.5306659271785]",1,0,490
55991848,"[28, 256]","[2.0267742514898526, 1521.7246247593039]",1,1,491
96916009,"[25, 218]","[4.269700137391634, 795.5602114516074]",0,1,492
60766670,"[12, 246]","[1.321456037290476, 1685.2608028486286]",1,1,493
55051837,"[86, 259]","[8.399198743009741, 1004.8710119936102]",0,1,494
91756859,"[56, 284]","[9.2574364574617, 1276.687534411612]",1,0,495
44647873,"[17, 252]","[0.456305584950516, 1747.06898923488]",0,0,496
78678104,"[62, 208]","[5.167237748268465, 952.7705058765264]",0,1,497
65539387,"[56, 215]","[3.9446266942683463, 50.000464633988884]",0,0,498
26585030,"[67, 267]","[8.016571711383381, 970.8786760039212]",1,1,499
47934421,"[74, 297]","[9.185334492927069, 524.2923825486752]",1,0,500
99452107,"[51, 260]","[4.62028973639189, 842.9571732786336]",1,1,501
63117917,"[31, 246]","[5.471849663496295, 1403.0211290947184]",0,1,502
62979102,"[68, 275]","[9.609562453524562, 1458.1371523584523]",0,0,503
8334354,"[69, 216]","[0.8087165131609397, 1374.4630149116003]",1,1,504
72550375,"[53, 253]","[4.922364478438006, 898.5944093428731]",0,0,505
12784688,"[14, 272]","[6.739815819977557, 1605.9128672502266]",0,0,506
29541773,"[55, 216]","[0.2220261214326802, 1050.437365479385]",1,0,507
62115978,"[69, 214]","[5.1341348774288775, 248.76176882658174]",1,1,508
60494009,"[23, 204]","[2.0452981608023055, 1162.2020537740334]",1,1,509
81332487,"[49, 247]","[7.540424708023891, 1064.7382378877624]",0,0,510
9805659,"[44, 271]","[1.188090842169306, 266.96000360169523]",1,1,511
58999653,"[39, 213]","[6.449825927472041, 880.8503215313033]",1,1,512
96689382,"[60, 283]","[2.6322471836229377, 1337.1335443066196]",0,0,513
23287326,"[48, 206]","[7.990052881214177, 815.6209596949088]",1,0,514
19190465,"[58, 299]","[8.52794061355582, 1776.0968171828588]",0,0,515
65215366,"[43, 224]","[9.337935929998597, 693.4808081085005]",1,1,516
99785037,"[17, 260]","[2.370659628381185, 603.6013267273039]",0,1,517
42231365,"[82, 224]","[7.368786501880403, 16.538880746547193]",0,0,518
43558183,"[30, 289]","[2.0443192916148156, 816.5964291707693]",1,1,519
66669340,"[88, 262]","[1.5724138351418604, 157.507453939854]",1,0,520
13280405,"[53, 214]","[5.060308123588396, 129.56456171872887]",1,1,521
90723088,"[53, 266]","[9.229673554705485, 837.2236593212714]",0,0,522
77436730,"[12, 279]","[6.270117661198715, 1486.404064997444]",0,1,523
61958107,"[35, 205]","[7.52190307434717, 324.5884924766718]",0,0,524
42748237,"[44, 248]","[1.7072811941813837, 1856.4070667125168]",0,1,525
17496087,"[97, 264]","[0.0053975687266438754, 1068.1322605978237]",1,1,526
36197324,"[75, 219]","[0.2187725499055615, 1734.458848375959]",0,1,527
34210503,"[90, 228]","[2.275679889071557, 1158.8226907059925]",1,0,528
98547267,"[53, 235]","[4.182390514017547, 1700.1629082321126]",1,0,529
81512426,"[45, 247]","[0.38278123755616233, 735.6281950063297]",1,0,530
75481694,"[66, 292]","[5.706879054616692, 1739.4936895843762]",0,1,531
19584170,"[44, 248]","[6.270844197903983, 874.0738710356311]",1,0,532
61065067,"[11, 253]","[1.079052102639132, 1029.4825755691202]",1,0,533
68226701,"[56, 297]","[5.774637692791853, 1566.2422762778417]",1,1,534
50707133,"[33, 271]","[4.190309370198601, 456.93224082580053]",1,1,535
25811340,"[74, 238]","[5.076014410269102, 1827.083624528296]",0,1,536
42479889,"[61, 234]","[0.5536330593636574, 1842.6829262799781]",0,0,537
59075094,"[32, 279]","[4.31463721745231, 390.38525623268174]",1,1,538
49159121,"[88, 242]","[0.7774489840431797, 527.2819552286694]",0,1,539
1887748,"[35, 254]","[1.1091292097080618, 1374.2697076881057]",1,1,540
71258874,"[73, 272]","[4.800955920913169, 583.0282713525274]",0,1,541
29306939,"[38, 291]","[7.801628245175161, 274.37201051401905]",0,0,542
56298511,"[46, 265]","[7.387820280187356, 821.9237745152534]",1,1,543
28882537,"[54, 287]","[5.047284198792909, 1344.691074142213]",1,1,544
13290591,"[69, 232]","[2.867176976200454, 1145.138752473736]",0,0,545
56395477,"[86, 290]","[2.29078699402266, 430.8831685167538]",0,1,546
86669681,"[95, 257]","[3.0122598996163763, 64.9214764086996]",1,0,547
27982545,"[29, 260]","[9.45932616740026, 1968.663381549579]",0,0,548
31861531,"[47, 269]","[1.4100327929771084, 1838.2313727818816]",1,0,549
99288844,"[19, 300]","[1.3675121412837166, 787.1160335388059]",0,0,550
94398257,"[48, 203]","[8.750688593737708, 143.69666547377415]",0,1,551
65570292,"[70, 235]","[2.9734567776759846, 1181.5852100526076]",1,1,552
79828964,"[30, 251]","[7.4097678271890555, 675.3125010006682]",1,0,553
63232971,"[45, 245]","[8.92558474660828, 1523.2620454341159]",1,0,554
98496126,"[29, 294]","[5.435537151530967, 172.36230770280469]",1,1,555
47723751,"[39, 248]","[9.023684243381512, 1869.1118236801524]",1,0,556
3531271,"[99, 262]","[3.2278803420372446, 1494.7913230474037]",1,1,557
27840801,"[41, 265]","[7.381196873394455, 710.405580205034]",0,1,558
59358895,"[62, 201]","[8.423104552094951, 1001.0652038113536]",1,0,559
73873117,"[13, 224]","[6.308753722812438, 1326.9166764642791]",0,1,560
81181126,"[30, 261]","[5.432843731133453, 816.4192092095426]",0,0,561
1076806,"[47, 286]","[7.792574139420213, 1877.6127210295374]",1,0,562
30938831,"[97, 208]","[0.06891680807529665, 809.9037396368954]",1,0,563
26255328,"[82, 251]","[9.623008679024485, 1109.972932061932]",0,0,564
30324773,"[100, 234]","[2.9968269893687483, 1400.3176854319368]",0,1,565
65412305,"[55, 246]","[2.66004369997767, 734.9981005457482]",0,1,566
72888285,"[33, 286]","[0.9902826936552778, 817.4003047067646]",1,0,567
40719046,"[27, 247]","[0.4935937980488381, 1166.2214706943782]",1,1,568
19294395,"[64, 262]","[7.7468374761050205, 7.632132300664063]",1,1,569
29110403,"[56, 210]","[9.601337674990706, 659.104936803021]",0,1,570
96585196,"[65, 232]","[6.15107834076947, 1792.3786353414087]",1,0,571
19581877,"[53, 206]","[0.09483467055249495, 626.1579491926457]",1,1,572
34862159,"[86, 224]","[7.037825567260178, 595.5947467146909]",0,0,573
87379910,"[49, 257]","[2.9391547436886087, 737.3653258458015]",0,1,574
17256350,"[61, 251]","[1.884825387527469, 573.5556218298334]",0,0,575
93284445,"[70, 254]","[6.156968465513045, 1547.8714188510742]",0,0,576
99472823,"[42, 258]","[0.007741310380041666, 1199.8755317044538]",0,1,577
4472352,"[93, 234]","[0.6055212726493231, 207.05215035141956]",0,0,578
78768599,"[58, 211]","[0.868925461032487, 1257.5743894469317]",0,0,579
40417597,"[74, 220]","[3.460162907713694, 1879.3895908818592]",0,1,580
59792418,"[63, 254]","[5.700365633972641, 476.7084260999117]",0,1,581
77750594,"[67, 290]","[3.531482300575167, 651.1740189927375]",1,1,582
69711230,"[27, 257]","[8.723691879980606, 239.7023658986097]",1,1,583
99490522,"[55, 287]","[4.323179324545845, 1084.3344168850688]",0,0,584
99561893,"[22, 255]","[9.281675556350109, 648.7809192538074]",0,1,585
85585709,"[76, 229]","[1.2209639467975508, 1515.1877152925697]",1,0,586
83571008,"[10, 243]","[5.24684262865912, 730.743974166147]",0,1,587
27573800,"[33, 230]","[7.69322469283392, 1249.3707031336392]",0,1,588
17774945,"[92, 232]","[5.229423053004839, 1449.3255463378996]",0,1,589
29381022,"[71, 257]","[1.5854563386482257, 635.3978070915216]",1,0,590
78916755,"[86, 263]","[2.3463524672638894, 1586.3955449617347]",0,0,591
23095311,"[37, 263]","[7.860950902737791, 1698.675122791335]",1,0,592
71564157,"[88, 216]","[2.207473768635616, 816.3202319694816]",1,0,593
66873273,"[77, 209]","[2.179763659652947, 710.1634779475237]",0,0,594
26061568,"[84, 260]","[2.9350985863267445, 1168.4696618961427]",1,1,595
37234460,"[79, 280]","[7.197472514594409, 546.3495556603825]",1,0,596
93099157,"[99, 228]","[8.016626333213088, 1252.5436060092934]",1,1,597
57176621,"[21, 279]","[2.1779964230601987, 556.254979769168]",1,1,598
82677825,"[82, 231]","[3.7021637335033764, 1304.8281296580415]",0,0,599
50784580,"[100, 214]","[9.625960630994784, 520.6724703563837]",0,0,600
61340927,"[97, 235]","[9.260890712267477, 335.12357288677543]",1,1,601
40788093,"[35, 218]","[2.098417667333319, 1263.4062515238807]",1,0,602
55404005,"[93, 214]","[5.453969670248369, 858.1798507270217]",1,0,603
25978924,"[10, 218]","[8.249619219869086, 206.33621139565483]",1,1,604
36882954,"[63, 234]","[6.982278320132355, 787.7199015980789]",1,0,605
47023310,"[58, 242]","[1.5709188911569527, 688.6580906387587]",1,1,606
90440016,"[89, 258]","[4.347323008231604, 877.3450266977003]",0,0,607
99984451,"[72, 213]","[3.8991919433735855, 1152.036089418925]",1,1,608
15898422,"[30, 261]","[2.403025049999017, 198.8583602359759]",0,0,609
67399732,"[19, 291]","[1.6657930126327547, 1662.824157905064]",0,0,610
65914000,"[13, 240]","[6.275852122178806, 382.42360376473306]",1,0,611
83169610,"[27, 283]","[4.6935034932148785, 1707.201658593841]",0,0,612
32986781,"[82, 226]","[3.2824266723755424, 1649.342241880149]",0,0,613
95168784,"[52, 234]","[5.7757568711116996, 264.5301351631784]",0,1,614
49060976,"[98, 216]","[4.139343996018143, 399.1120017058265]",1,0,615
57122814,"[87, 262]","[1.566069395526607, 1948.399823660641]",1,1,616
62767829,"[56, 213]","[7.976231924694562, 757.1800646321502]",1,1,617
83383643,"[61, 300]","[4.9353506808140954, 1662.167014573357]",1,1,618
64586191,"[33, 272]","[3.7554438000988966, 848.6766166026536]",0,1,619
55256252,"[75, 214]","[3.3507136675951275, 864.203288256302]",1,0,620
5071981,"[59, 217]","[1.7808126322746987, 147.55448542443105]",0,0,621
77756657,"[66, 298]","[5.185868926737987, 1015.3805888581109]",0,1,622
46418553,"[67, 211]","[7.998838407196661, 1040.0410158651287]",1,1,623
45680429,"[87, 290]","[3.7228592572277575, 996.8066035051015]",0,1,624
89352554,"[17, 243]","[8.78659647854829, 1204.038408801937]",0,0,625
37860752,"[73, 227]","[5.8635477610785625, 1584.857604657057]",1,0,626
23319944,"[23, 215]","[0.10226063385048167, 1168.8927013057278]",0,0,627
6201928,"[85, 256]","[2.1358020889220617, 1056.772178831718]",0,0,628
31228989,"[40, 222]","[9.461538900680498, 514.9472537155049]",0,1,629
58313145,"[93, 267]","[9.877080460397002, 1159.184060195919]",1,0,630
9247531,"[53, 262]","[0.32056745277651677, 1123.1867202294486]",1,0,631
31433411,"[46, 231]","[0.11322809125751343, 1249.405110470384]",1,1,632
17254264,"[40, 214]","[3.002424876338389, 987.7243529046644]",1,0,633
11415711,"[45, 238]","[3.4604895704844028, 887.6093150880815]",0,1,634
92515641,"[35, 244]","[5.060315566285441, 103.14033837090952]",0,1,635
5694473,"[16, 259]","[5.331448823897665, 738.4596180657843]",1,1,636
83558474,"[96, 207]","[4.327016528396327, 1783.507904230907]",1,0,637
80991537,"[96, 228]","[1.1209392240754612, 1641.0853721160872]",0,0,638
56145221,"[20, 236]","[9.348077358236207, 1069.783026510361]",0,1,639
89722927,"[10, 263]","[9.35020758672409, 1042.6556878141912]",1,0,640
23214711,"[46, 241]","[6.692704688614239, 517.4208910369475]",0,0,641
83288209,"[98, 248]","[6.465367354726039, 489.24816840620844]",0,0,642
34447047,"[99, 283]","[8.655663851442815, 134.4918696489652]",0,1,643
97487491,"[42, 263]","[8.354626266199677, 930.717810921826]",0,0,644
66583438,"[90, 264]","[1.6548083118430035, 488.91700681694573]",1,0,645
74094009,"[55, 220]","[6.988885979616423, 1779.6638253566914]",1,0,646
85791733,"[75, 227]","[3.744502213931998, 1804.4517391041397]",1,0,647
54068207,"[11, 258]","[5.083826069794798, 1240.815869592366]",0,1,648
16768915,"[53, 255]","[0.19019211194769237, 1179.001907069521]",0,0,649
13415575,"[12, 269]","[6.2344739265221625, 1130.877891766009]",0,0,650
2402225,"[76, 258]","[6.230123983344966, 1373.8155395662088]",0,1,651
42991308,"[76, 271]","[1.6669954094360373, 139.86475204668537]",1,1,652
36720166,"[18, 213]","[5.6940106761853055, 459.24069844697016]",0,0,653
30168671,"[22, 220]","[3.1648882764626327, 1481.8353232277009]",1,1,654
99574398,"[35, 255]","[0.38331577080924384, 1796.7776903085226]",1,1,655
94764184,"[17, 289]","[8.543914895091744, 627.4647383512515]",1,0,656
69638543,"[49, 201]","[3.2310247195204953, 1486.4759253635275]",1,0,657
4634277,"[25, 233]","[7.610328529693079, 776.9880539001238]",1,0,658
42231369,"[55, 272]","[8.238947554949132, 627.3386570692862]",1,0,659
24010100,"[14, 295]","[0.03536439806459457, 1759.6043029766245]",1,1,660
47147496,"[26, 271]","[5.427241344240966, 453.2994121861227]",1,0,661
30375856,"[11, 298]","[5.758850576922026, 1329.4963664153395]",1,0,662
15578836,"[33, 228]","[2.351003000636378, 1892.444214527884]",1,0,663
68886572,"[19, 288]","[0.030295638081908605, 1149.9079710791775]",0,1,664
60763683,"[26, 245]","[0.23960789657136217, 1595.0113814288825]",0,0,665
49402718,"[44, 273]","[0.892883623579287, 487.17239802539837]",1,1,666
33931990,"[63, 262]","[3.706854503652833, 960.0214383397372]",1,1,667
91573024,"[67, 287]","[6.3037574491902815, 877.5520092057616]",1,0,668
6815580,"[66, 288]","[1.1653262002399312, 251.21188304180552]",1,1,669
76125443,"[69, 300]","[3.6716029570187416, 1007.6262188329092]",0,0,670
55561308,"[95, 274]","[9.553380408369977, 1173.1658975576356]",1,0,671
96877238,"[40, 246]","[4.262684876065568, 1300.9414785608935]",0,1,672
58519493,"[92, 271]","[2.550967018299758, 444.72292210489894]",0,1,673
35430963,"[19, 285]","[0.9053672577313554, 1374.5100307452306]",0,1,674
47241063,"[49, 242]","[9.421005691602813, 1819.0979455849617]",0,0,675
88741593,"[55, 279]","[3.772266537077326, 53.489702747697265]",0,0,676
87560735,"[25, 253]","[3.668201665866623, 604.4099140561834]",0,0,677
12952157,"[54, 245]","[1.0788488947052077, 236.89970478015087]",1,1,678
3065651,"[99, 204]","[7.714814011649647, 512.3862569742346]",1,0,679
75751217,"[28, 267]","[5.8067108506568434, 1037.205402792922]",0,0,680
26914101,"[74, 216]","[0.7136165223375945, 595.3221321454745]",0,0,681
37160638,"[99, 289]","[5.48427577207736, 488.19271946046115]",0,0,682
10822241,"[22, 278]","[3.68524178532174, 1562.7404529142061]",1,1,683
76573832,"[30, 277]","[7.475632635988, 83.80255989170581]",1,1,684
73980189,"[85, 225]","[5.64081221776609, 947.3871071344506]",1,1,685
26729144,"[91, 226]","[4.924361376344574, 1118.9232738217179]",0,0,686
82205007,"[29, 258]","[5.890640860242232, 340.25528148923945]",0,0,687
98516365,"[31, 204]","[2.29230929050284, 1163.4966501209144]",1,1,688
48822882,"[79, 243]","[4.079362156173839, 915.519483820782]",0,1,689
50987283,"[94, 253]","[5.488859633717016, 8.124549907821743]",0,0,690
66709072,"[49, 258]","[3.52656450164723, 123.74189442767735]",0,0,691
55048310,"[29, 206]","[6.632583304227825, 540.0590701725423]",1,0,692
77863604,"[33, 212]","[5.284794640806517, 786.109571958989]",0,0,693
27909594,"[17, 288]","[4.61855923690496, 1288.7226396412266]",0,0,694
5656821,"[13, 266]","[3.5710885471094347, 1607.9612102175674]",0,1,695
38266828,"[87, 261]","[7.374211423318916, 1886.959260162737]",1,0,696
2257967,"[37, 215]","[4.9152711510612015, 368.0563499786187]",1,1,697
84939070,"[94, 222]","[4.130276325106683, 1320.5092106651919]",0,1,698
57828040,"[11, 223]","[4.124929715566966, 1705.6179496895284]",1,1,699
18327243,"[51, 288]","[2.2940892366364327, 175.91798537980696]",1,1,700
51977774,"[81, 221]","[4.208360002425284, 775.5559481353091]",1,1,701
91899040,"[34, 296]","[8.591497514143382, 1861.9696430273536]",0,0,702
72145844,"[27, 234]","[1.581432616711308, 963.4845318650167]",0,0,703
54731336,"[50, 254]","[6.980547999975845, 799.026822039224]",0,1,704
40247309,"[49, 238]","[0.02067419557613248, 564.5963482783905]",1,0,705
90291578,"[74, 279]","[5.103868393211854, 19.89598113052726]",0,0,706
77630927,"[88, 238]","[2.6282734197190685, 100.27846077125434]",0,1,707
42701979,"[30, 238]","[1.5930142761430177, 1094.94457646395]",1,0,708
63965314,"[50, 228]","[9.277715804248603, 914.0427427526733]",1,0,709
43036231,"[51, 221]","[8.625198921731783, 941.2081585074988]",1,0,710
10697562,"[66, 260]","[6.2462754349719525, 621.5624944640796]",0,1,711
34750393,"[28, 207]","[7.4485899279048065, 46.49445501898808]",0,0,712
35900077,"[82, 223]","[3.8448397658321145, 1906.4933674291867]",1,1,713
85916289,"[22, 220]","[4.241185750783131, 961.5634095395849]",0,1,714
67973560,"[46, 278]","[1.008959191215334, 616.4436093302528]",1,1,715
84218799,"[55, 269]","[8.718702382963057, 353.0462224838797]",0,1,716
56967818,"[32, 253]","[1.7021841494755452, 96.94302105007013]",1,1,717
75182365,"[47, 273]","[6.161105935047562, 818.4853938659269]",0,1,718
51573998,"[79, 251]","[1.080620923924629, 171.77778882115246]",1,1,719
81498507,"[81, 291]","[2.8034393391923915, 1908.2873403351473]",0,0,720
11935584,"[81, 256]","[4.862754453203664, 501.8566825946378]",1,1,721
55141782,"[62, 285]","[8.655046058411347, 856.3056033577525]",0,0,722
93219141,"[28, 206]","[4.2341744795213385, 1133.7084814071166]",1,1,723
65582773,"[67, 218]","[2.437597991653595, 1063.3339303150344]",0,1,724
61885171,"[84, 258]","[3.423321378119547, 919.3095606129014]",0,1,725
4093804,"[83, 212]","[4.82187530692401, 664.1317300792593]",0,1,726
14489118,"[40, 249]","[6.900479062049428, 1816.4171412777032]",1,1,727
51697995,"[39, 249]","[5.299935838439529, 1663.4922473599474]",1,1,728
93868648,"[41, 208]","[7.408119885429029, 376.8599575799787]",0,1,729
5568148,"[79, 258]","[8.50272987724249, 1538.5969844954664]",1,1,730
93014269,"[23, 290]","[0.3613306277980044, 855.0136113037674]",1,1,731
44020287,"[38, 284]","[8.786777115550146, 1414.4276537526996]",0,1,732
5178354,"[21, 256]","[9.869709438881491, 1510.395937145883]",0,0,733
72689900,"[94, 290]","[3.538548411720935, 503.5238814838059]",0,0,734
47130048,"[23, 258]","[3.845167962240735, 615.365075103745]",1,0,735
49715501,"[69, 207]","[7.891695295524296, 470.1349058841238]",0,1,736
17226068,"[42, 267]","[9.916442067572934, 1535.4011024577328]",1,0,737
75190723,"[36, 243]","[4.356479811864652, 292.9966630143903]",0,0,738
61260775,"[27, 272]","[5.494096357906386, 1591.8682091221976]",0,1,739
10669005,"[94, 271]","[7.923003564794194, 1940.811643812577]",1,1,740
44262399,"[59, 240]","[8.245711904849127, 1067.859180241242]",0,1,741
44335814,"[93, 235]","[1.4112049360323042, 943.0501996507774]",1,1,742
24236671,"[61, 265]","[5.228384303479517, 910.9675501691232]",1,0,743
39690660,"[39, 245]","[0.21732192325252253, 1713.2293600134772]",0,1,744
1393508,"[33, 281]","[2.751761636000248, 606.6767542580318]",1,0,745
76514927,"[63, 238]","[1.0609794040126852, 1146.6447810274485]",0,1,746
96348410,"[19, 221]","[0.05428217603962837, 1896.2178288813518]",1,0,747
35852332,"[36, 241]","[6.301827039458059, 2.9668534402917945]",1,1,748
83749461,"[22, 260]","[0.05910301046865851, 1846.3101586360463]",0,0,749
2712318,"[92, 283]","[8.559036615746079, 1757.501278279984]",0,1,750
24324371,"[92, 206]","[7.644182714519072, 1194.8676008259847]",0,0,751
47805856,"[48, 280]","[3.4135361483096327, 16.672150677984554]",0,1,752
80473651,"[92, 223]","[8.755302344579302, 972.4584481290848]",0,0,753
80438248,"[80, 279]","[3.8516757215939856, 1984.9713395072492]",1,0,754
12069488,"[77, 251]","[6.737948202530635, 263.2399386431736]",1,0,755
35897074,"[68, 261]","[1.4794699295799518, 332.03657520672823]",1,1,756
18170488,"[82, 233]","[0.8881524937709107, 1204.7880046512535]",0,0,757
66798991,"[79, 231]","[1.1631369914729728, 1816.8297453053551]",1,1,758
42783434,"[85, 263]","[4.61765711229173, 1805.9583294302904]",1,1,759
97892212,"[85, 300]","[0.3115705910755562, 297.3314126450981]",1,0,760
78892655,"[60, 289]","[7.049488799156438, 1927.1572846598178]",0,1,761
7816940,"[53, 232]","[6.308160870223584, 966.7929245661504]",0,1,762
20168133,"[39, 243]","[8.101988210225207, 1083.9158426843303]",0,0,763
44077203,"[18, 257]","[2.242327276010222, 1521.5475039711557]",1,1,764
50591062,"[93, 226]","[9.95574408108062, 1004.8040803850566]",0,0,765
36348124,"[10, 255]","[2.833505471783846, 1412.2841618196758]",1,0,766
92622155,"[24, 284]","[0.5496325209199238, 541.0758729258902]",1,0,767
15584802,"[84, 245]","[1.2568572090358443, 1754.14091012348]",1,1,768
10150297,"[99, 218]","[2.5064621184818723, 365.2778466970337]",0,0,769
8226770,"[21, 279]","[2.5568354159032367, 1432.4439541663005]",0,1,770
61460582,"[89, 275]","[6.131489678164912, 1256.6176453055787]",0,0,771
28708294,"[51, 264]","[4.401909012898817, 462.3841952115293]",0,0,772
23439745,"[51, 241]","[7.382074824292836, 414.91083479624825]",1,0,773
39568798,"[89, 243]","[4.626937260484469, 1499.043504228019]",1,0,774
87355553,"[12, 271]","[1.2333499021753247, 704.6958196709718]",1,1,775
86112842,"[15, 266]","[4.59359222752786, 1556.190980178145]",1,0,776
80536538,"[48, 241]","[1.0944697931009195, 1179.6326148874182]",0,0,777
3058588,"[22, 245]","[4.1249491113991335, 1908.308095274303]",1,0,778
85399399,"[81, 291]","[1.3748405386593754, 1345.1125163260429]",0,1,779
91013420,"[38, 223]","[1.3517223300174785, 618.506997453371]",0,0,780
61516380,"[47, 275]","[0.020105367353652204, 926.4241504923607]",0,0,781
89172824,"[36, 281]","[9.259262513089727, 1928.377451086152]",0,1,782
56329333,"[68, 223]","[2.844765437763309, 1835.4709502332016]",1,1,783
42838760,"[39, 293]","[8.71395972984102, 1751.4840451766156]",0,0,784
49841441,"[74, 213]","[9.95436616647366, 576.7199583765106]",0,1,785
51428509,"[90, 263]","[7.8372899583007305, 347.27943602592507]",0,0,786
15769506,"[49, 248]","[6.835418919269126, 1982.5577366226596]",1,0,787
43661986,"[88, 287]","[9.600756467089596, 39.468198032386766]",0,0,788
95362245,"[44, 242]","[3.3235069426194928, 791.7060685943762]",0,0,789
68510850,"[79, 239]","[3.606705598252228, 1499.4296976968258]",1,0,790
76131124,"[54, 263]","[1.2626311902915976, 887.6091094992837]",0,0,791
89188494,"[61, 253]","[6.972442884761194, 915.2793229697998]",0,1,792
55711502,"[30, 215]","[5.288557463326323, 1358.4602801224812]",1,0,793
50779938,"[32, 267]","[7.311674958211253, 258.6846927478532]",0,0,794
34313252,"[12, 203]","[8.580772747420237, 1221.2563663246012]",0,1,795
66765332,"[49, 294]","[6.259797079743441, 1628.2359863665467]",0,0,796
61465596,"[26, 295]","[6.843290800024377, 1057.6316917625047]",1,0,797
85190615,"[32, 204]","[9.37620235448567, 1127.529478205647]",1,0,798
53831760,"[76, 282]","[5.837256106699943, 1322.0194181355444]",1,0,799
88380533,"[35, 278]","[1.5581285800922906, 1001.3346810379413]",1,0,800
43841395,"[13, 284]","[1.9724317989024265, 1902.6128200716937]",1,1,801
65555504,"[35, 281]","[7.675997532686205, 1668.152705753843]",0,0,802
56219735,"[51, 201]","[6.71747547231822, 1108.8091516838554]",1,1,803
71914041,"[32, 269]","[7.056618039046897, 1618.4758402718455]",0,1,804
12226263,"[80, 219]","[3.3152109539542343, 985.677215105663]",0,1,805
47547033,"[12, 209]","[6.236044632636865, 926.7766780844895]",1,1,806
68245633,"[82, 232]","[8.103527959491567, 1300.0382948378376]",1,0,807
98339244,"[65, 279]","[2.857316952823391, 1288.1668396472217]",0,0,808
30179201,"[50, 279]","[1.9722330875707517, 760.444295505635]",0,0,809
81091385,"[65, 274]","[7.011871532051556, 708.6182335236535]",0,1,810
79830097,"[67, 223]","[8.693276601834937, 1633.6901050803347]",1,0,811
55811820,"[81, 286]","[0.8393660925717039, 362.1494364894049]",0,0,812
43725988,"[63, 276]","[0.12566801527590155, 1010.4034506389439]",0,0,813
36413607,"[87, 220]","[8.797634442663032, 912.010427226279]",0,1,814
56973057,"[28, 212]","[7.770103052031113, 549.9764194407968]",1,0,815
68191948,"[85, 259]","[0.07360354213278186, 1128.9921044861437]",0,1,816
27169851,"[46, 206]","[8.274356106997995, 1805.113557362232]",1,0,817
18491106,"[16, 248]","[2.6356604954649967, 707.7689593887848]",1,1,818
1804769,"[51, 208]","[0.015818378128731325, 1725.08260942251]",0,1,819
58823943,"[25, 260]","[5.493575527371338, 1791.06277650566]",0,0,820
49135223,"[13, 278]","[7.834643835930402, 1964.2423763770921]",0,1,821
25733402,"[14, 234]","[3.845067167688491, 1515.6590507885876]",1,1,822
76423290,"[23, 269]","[2.873547592031448, 1896.30996028453]",0,1,823
64814119,"[70, 247]","[3.026014889033024, 1260.0649781121945]",1,0,824
42590647,"[47, 212]","[9.428273237546318, 1935.6446767276962]",0,0,825
31597987,"[19, 215]","[1.4670198266667567, 1685.6467137593725]",1,0,826
55386508,"[81, 208]","[8.740482650907271, 881.8393422588904]",1,0,827
22177621,"[38, 225]","[0.27394512976022245, 572.0517445216402]",1,1,828
32889148,"[95, 288]","[0.059473032035851636, 1372.5094924627306]",1,0,829
58067253,"[50, 202]","[0.3643217457971304, 1275.7024838166728]",1,1,830
80221730,"[67, 277]","[4.271407861351204, 1745.9466087421706]",1,0,831
60584753,"[45, 251]","[6.845468189363918, 1167.392649290729]",0,1,832
78895035,"[62, 227]","[7.155004536162387, 741.9754209007272]",1,1,833
90089775,"[43, 203]","[5.601456182257283, 522.2489862738033]",0,0,834
3053728,"[69, 269]","[2.9906388333493847, 1177.3629604663902]",1,0,835
95965062,"[58, 241]","[0.6396084781739897, 1763.1580509615078]",0,0,836
29674295,"[87, 200]","[4.6242884055186595, 1318.723765477328]",1,1,837
60481294,"[43, 280]","[0.024549491743215412, 1767.2215926421761]",1,1,838
19568576,"[81, 274]","[6.520112559112173, 258.9533988626214]",1,0,839
76172196,"[58, 246]","[8.876203975814429, 1349.8618927769319]",1,0,840
19314948,"[74, 268]","[1.4252292331014127, 175.86140353995617]",0,0,841
42004549,"[79, 297]","[5.151127641307972, 332.6665929569632]",1,0,842
67784473,"[77, 241]","[4.873137987019308, 277.08424496664884]",0,0,843
2565121,"[20, 257]","[5.608457936782246, 391.46713925821496]",1,0,844
65433592,"[65, 253]","[8.204317018758886, 263.7075385895424]",1,1,845
63247299,"[63, 265]","[1.17935078309106, 1846.1938191073014]",0,0,846
17375410,"[50, 240]","[1.8357097423093982, 1931.4848465205205]",1,0,847
28085521,"[14, 222]","[3.7610155262350453, 416.74870840559544]",1,0,848
15023576,"[10, 285]","[8.009051228614402, 1730.74411419631]",1,1,849
27865673,"[37, 292]","[6.5357285245827255, 1737.8949688104178]",0,1,850
54966505,"[11, 230]","[3.9467159271635586, 303.83352807603313]",1,1,851
58933773,"[58, 252]","[9.97440416222565, 904.8243445361162]",0,0,852
77548590,"[86, 287]","[9.454950378427252, 190.3976706508057]",0,1,853
53911919,"[93, 214]","[9.738138256013512, 1610.483818390053]",0,0,854
5015485,"[95, 294]","[3.496791915799137, 781.8746566915]",0,0,855
26568069,"[84, 283]","[0.7619356828492707, 1941.8503213156068]",0,1,856
62650848,"[10, 224]","[3.6167718036510954, 1303.561216409719]",0,1,857
49374432,"[29, 291]","[5.550017899107172, 1157.5350150517095]",1,0,858
82923106,"[59, 224]","[8.216376598274751, 829.2689293076039]",0,0,859
64993804,"[18, 288]","[6.50980408070718, 180.49610507847058]",0,1,860
46840802,"[88, 234]","[1.5453741358637507, 794.9887762247976]",1,0,861
44143753,"[53, 202]","[0.23900762395755115, 1054.4910728313046]",1,0,862
72442273,"[52, 277]","[7.828693026198953, 1668.002574902641]",0,1,863
20019350,"[31, 293]","[4.214883620933759, 1737.2773155666662]",0,1,864
10838698,"[89, 238]","[4.047301589175232, 472.3621738425658]",1,0,865
75423019,"[11, 270]","[4.695373316321357, 1341.6488584322162]",1,0,866
40033834,"[66, 268]","[8.4217678830789, 979.1905708065076]",0,0,867
89325344,"[64, 218]","[0.7029489264090627, 192.3121442131379]",1,0,868
15074364,"[93, 234]","[8.883754775806683, 198.9919513269369]",0,1,869
49587792,"[28, 242]","[4.288268094857138, 30.481575211376732]",1,1,870
28336299,"[52, 288]","[3.58744839715449, 379.0205376801863]",1,1,871
51338291,"[25, 211]","[1.3088209820226493, 1661.3632958580556]",0,1,872
36711623,"[97, 235]","[6.395336440297248, 1406.455766407933]",1,1,873
76642175,"[16, 219]","[2.2753078177871258, 42.53147199645002]",1,0,874
68528226,"[28, 276]","[7.853268326828866, 1893.909447904151]",1,0,875
7133482,"[94, 265]","[5.842272212987498, 773.9294216699633]",0,1,876
91299650,"[14, 235]","[4.772277756488711, 478.00906724003346]",0,0,877
14493455,"[56, 241]","[4.395972754510148, 967.3858521647923]",1,0,878
55743246,"[81, 271]","[1.6356999890657797, 1198.065879941857]",0,1,879
58424890,"[79, 256]","[3.220472473112043, 1072.10611338091]",0,0,880
67932995,"[97, 258]","[8.770171928965802, 172.1416371491513]",1,0,881
33829149,"[72, 204]","[3.5633877949778334, 333.9280284587056]",1,1,882
30207964,"[74, 266]","[2.7081258135748145, 1004.6314028001182]",0,0,883
8816050,"[91, 225]","[7.939838779135848, 1356.291744697528]",0,0,884
11761512,"[60, 202]","[4.513479772053392, 1071.0344451050628]",1,0,885
22650844,"[17, 265]","[6.857105714764838, 1484.2878891839036]",0,0,886
12556823,"[81, 220]","[7.748787431357381, 692.5796619655065]",0,0,887
20230309,"[100, 245]","[0.3300489651953964, 1250.0268768114408]",0,1,888
58316486,"[74, 259]","[2.6065544255165007, 1885.5945804823687]",1,0,889
49819246,"[95, 229]","[9.109640433960301, 1707.1801947557553]",1,1,890
81492107,"[41, 283]","[8.558232595225448, 1387.9844344315675]",1,0,891
49059804,"[70, 215]","[2.2404311812641895, 1307.7612443080768]",1,1,892
17120557,"[23, 265]","[8.66906021561841, 479.04938299014765]",0,0,893
84437985,"[54, 256]","[4.781371991650771, 1093.0071023540193]",1,1,894
17015272,"[94, 201]","[9.543090498593257, 528.7849375084221]",1,0,895
29549664,"[62, 255]","[4.3662306026553654, 961.8018856677251]",1,1,896
65369382,"[42, 249]","[9.990119819929433, 112.32632441048374]",0,0,897
2996109,"[26, 281]","[0.6852913877588185, 160.55467035002357]",1,0,898
77177964,"[69, 264]","[2.2528091193016797, 735.5822981386792]",0,1,899
41483326,"[16, 286]","[5.15591998424299, 697.4291359108762]",0,0,900
2514303,"[55, 210]","[9.31119518036028, 747.2013142455678]",1,1,901
10799757,"[49, 210]","[8.942262612175046, 74.43161512793672]",0,0,902
37460950,"[20, 263]","[4.215540904564804, 1937.5715325852789]",0,0,903
93792974,"[26, 268]","[4.387368240605857, 949.3657157428474]",0,1,904
3791723,"[90, 287]","[4.598606003325525, 37.72152157161068]",1,1,905
66482243,"[19, 277]","[3.629676524960667, 808.1016562976231]",0,1,906
82310849,"[98, 284]","[2.6286143242818594, 739.8912015136492]",1,0,907
71751655,"[90, 212]","[7.189548629075919, 742.3123834149335]",1,1,908
65687923,"[12, 253]","[4.869572021778922, 518.324704244858]",0,1,909
33517270,"[67, 221]","[6.149274904018226, 1081.4223167526802]",1,0,910
47577807,"[63, 258]","[2.4472610992339727, 1684.6381302547352]",1,0,911
14597483,"[58, 299]","[5.838329459134202, 189.84180527278437]",0,1,912
73187093,"[39, 208]","[7.271164426168354, 880.4171312501708]",0,0,913
7596840,"[13, 202]","[2.0982504306113636, 1963.677981423985]",0,1,914
13742569,"[57, 218]","[3.929782085978987, 1333.9272912152178]",0,0,915
91610902,"[68, 297]","[0.5464079485338702, 1961.3158723053393]",1,0,916
38448853,"[90, 266]","[9.620190410880896, 964.5974963549488]",1,0,917
3442471,"[60, 293]","[8.185076144511678, 687.3799197191374]",1,1,918
91801972,"[40, 231]","[3.6911771398894877, 1682.1334007112134]",1,0,919
42806216,"[80, 246]","[1.3322600315260091, 1952.0894948607533]",0,1,920
5388747,"[76, 237]","[2.3888658540705974, 529.9130253046588]",1,1,921
98450014,"[91, 294]","[0.014866965915771857, 314.86869545012564]",1,0,922
5094437,"[18, 236]","[0.22974173754790939, 994.804999642392]",0,0,923
16580909,"[61, 279]","[5.272941428290665, 638.0205332030375]",0,0,924
5284453,"[87, 236]","[9.5896674703812, 870.387808719848]",0,1,925
40448162,"[67, 209]","[6.281744366879924, 1862.1855921459883]",1,1,926
86699453,"[80, 255]","[9.142255566800609, 941.6630355514317]",0,0,927
7778436,"[11, 258]","[7.016859885937876, 714.164756843842]",1,0,928
27727650,"[42, 213]","[5.106396285869423, 1335.1966391948033]",0,0,929
74595577,"[71, 296]","[2.6537205980776966, 286.5063430616084]",0,0,930
87973174,"[69, 221]","[0.6161629769698662, 1822.216267685655]",1,1,931
8682289,"[49, 243]","[1.9285779205090425, 1041.9721131287722]",0,1,932
17970594,"[39, 204]","[5.528305165736892, 819.4741562136704]",0,0,933
37776583,"[39, 207]","[9.3075161790418, 73.71990314446464]",0,0,934
46014764,"[96, 275]","[5.880538455842722, 1576.8793428875326]",1,1,935
94000455,"[99, 222]","[4.788346499410312, 562.7988536507625]",0,0,936
50412499,"[23, 286]","[3.568311241658555, 1570.7985875481083]",0,1,937
40123311,"[15, 269]","[9.771631916472867, 1408.3175313893828]",0,1,938
70771007,"[71, 244]","[3.3442976777139144, 1849.4088098131463]",1,1,939
7979347,"[69, 299]","[3.399137713289825, 186.62592434795312]",1,0,940
58951273,"[51, 286]","[5.124152316215947, 413.0944069639779]",1,0,941
54372141,"[34, 223]","[0.052744740871473184, 1988.975766112703]",0,1,942
37879564,"[82, 287]","[5.408972816359713, 338.4299416614003]",1,0,943
30157383,"[92, 257]","[5.13597504714825, 62.758489152332956]",1,1,944
60162687,"[47, 231]","[3.30453791931863, 851.0605183483389]",1,0,945
42004634,"[56, 291]","[6.355942142414577, 670.2446343446586]",0,1,946
76602949,"[24, 268]","[3.603486986600645, 1264.2792995307684]",0,1,947
44558544,"[45, 205]","[8.719889411340453, 841.4642331275521]",0,0,948
91919535,"[95, 254]","[5.320971394158175, 139.94644824854151]",0,1,949
1796408,"[72, 280]","[6.082925750336142, 1204.1386464664547]",1,1,950
84711266,"[26, 297]","[7.701843446911404, 588.3358511053174]",0,0,951
92058533,"[31, 280]","[4.988195799407496, 1004.1062888115655]",1,0,952
21461834,"[32, 223]","[3.654518239586002, 1472.2841739680757]",0,1,953
76986188,"[17, 200]","[5.738453061993024, 816.0292267416103]",1,0,954
52451126,"[89, 274]","[8.165432425050625, 552.4311069946091]",0,1,955
26877641,"[24, 251]","[0.8586374883752856, 1649.1706933796875]",1,0,956
63791786,"[68, 210]","[6.047054816206878, 507.7773594295507]",0,1,957
83485190,"[76, 275]","[8.582086330597631, 1431.814282798498]",1,0,958
28891126,"[89, 233]","[3.971987433819205, 43.91147333598555]",0,0,959
14604174,"[72, 275]","[7.023060039384537, 548.1569402588731]",1,0,960
31294662,"[19, 267]","[5.597776393484677, 1750.3257819041676]",1,0,961
50423343,"[16, 219]","[6.038638707928907, 653.8924580683572]",0,0,962
75648917,"[38, 256]","[8.01752522092981, 38.82426541978879]",1,1,963
41969666,"[58, 242]","[2.353835876568585, 966.6045516328088]",0,1,964
28237418,"[35, 271]","[1.193879008555615, 568.9189390252292]",0,0,965
73185745,"[48, 229]","[1.3929277976008325, 667.2062421667384]",1,0,966
3327035,"[48, 204]","[4.9178109169329565, 1947.035433768185]",1,0,967
62749025,"[34, 271]","[7.381160624605744, 963.0872552832643]",1,0,968
38745853,"[100, 253]","[6.898400022770858, 1435.7414071544317]",0,1,969
17687584,"[38, 265]","[9.623719789249515, 115.81579801968145]",0,1,970
43860082,"[52, 257]","[8.928263188839065, 1568.1564184776837]",0,0,971
10291042,"[64, 282]","[4.997747686098702, 688.2046378260727]",0,1,972
14977443,"[46, 252]","[5.665274631795896, 245.30271639120448]",0,1,973
79564481,"[97, 251]","[2.6758146194933055, 755.994350554003]",1,0,974
35075232,"[16, 293]","[1.594689600046837, 127.54669640190164]",0,1,975
3187806,"[24, 241]","[1.1713876128632816, 1654.328372674473]",0,1,976
19235679,"[71, 277]","[4.794547342445144, 146.58439790306988]",1,0,977
80921484,"[51, 223]","[7.7279433066847005, 825.2178092736892]",0,1,978
77321038,"[62, 200]","[4.922247449414655, 450.8536600692599]",1,0,979
86788925,"[34, 271]","[3.426911672370767, 886.9915358402487]",1,0,980
31733193,"[13, 271]","[7.926662692951428, 1035.8658877071614]",1,0,981
86157598,"[98, 206]","[2.803809345556089, 312.95650543732734]",0,1,982
26942284,"[34, 280]","[6.342668877087312, 845.463640561686]",0,1,983
50560775,"[21, 237]","[4.360838670359807, 1732.0607513101957]",1,1,984
58032277,"[77, 218]","[0.0995066354759011, 1135.1323545992948]",1,0,985
57794766,"[57, 238]","[9.666043199715434, 1196.9291007583195]",0,0,986
79771027,"[52, 290]","[2.761243456617292, 1034.5826918795117]",1,0,987
22850883,"[60, 221]","[4.2812954718236025, 947.7740793000593]",0,1,988
15183179,"[74, 200]","[2.6030007942045206, 1901.1929671264777]",0,1,989
38657688,"[60, 275]","[8.027572372028946, 1994.098465626023]",0,1,990
18470473,"[86, 204]","[7.141487675797567, 1963.9289256732654]",1,1,991
48688196,"[48, 273]","[0.03501823816188354, 1658.2907230654264]",0,0,992
32331556,"[76, 224]","[9.514145234200376, 1441.502583822066]",1,1,993
98484780,"[67, 215]","[9.56302944992473, 1227.654667348985]",0,1,994
49322560,"[18, 270]","[0.19395678145262774, 1942.5509178158272]",1,1,995
13128935,"[86, 218]","[8.453353272818534, 1015.6500338982062]",0,1,996
17337074,"[18, 294]","[8.752197791817641, 1040.5840107607185]",1,0,997
86864896,"[74, 225]","[7.589070151722447, 1290.2239330452642]",1,0,998
62966789,"[77, 200]","[0.8992292151484604, 1069.383204052892]",1,0,999
