edge_type,src_id,dst_id
2,776,9
2,935,20
0,332,528
3,701,553
4,379,63
2,457,385
0,102,268
5,483,295
0,355,173
5,621,982
4,121,250
2,505,418
1,652,594
0,52,403
1,497,733
1,58,312
4,658,224
0,650,37
2,939,667
3,589,614
5,596,203
0,616,909
3,811,288
4,524,732
0,447,904
4,459,847
1,63,28
0,191,333
4,770,191
4,397,180
4,728,974
1,319,630
0,7,342
2,269,992
2,719,962
2,345,379
5,216,433
3,702,776
2,216,63
3,967,338
4,611,277
5,248,17
5,721,714
0,436,859
4,559,766
4,419,201
3,256,290
0,155,795
2,98,113
2,724,429
0,815,611
1,610,806
1,246,919
1,363,747
2,613,314
3,137,718
0,340,725
1,367,974
4,909,325
0,597,521
0,139,127
2,394,601
0,679,984
0,687,878
0,695,292
2,987,874
4,241,507
4,889,186
3,495,267
2,717,497
0,923,220
2,971,582
2,366,690
0,241,395
4,94,202
5,738,389
3,451,509
3,273,706
0,503,402
5,316,296
2,990,399
3,824,621
5,661,699
5,425,299
2,207,305
3,362,978
1,734,810
1,330,447
2,321,566
1,36,324
2,941,625
3,246,812
3,189,747
0,456,831
2,156,964
2,874,22
1,610,878
5,137,217
1,704,579
5,141,780
4,32,746
3,991,787
3,215,408
3,448,829
2,41,151
3,670,196
4,396,892
5,125,788
5,971,553
2,24,367
1,946,608
1,130,65
3,499,723
2,472,269
1,335,94
5,222,17
2,974,25
4,478,632
1,271,745
5,178,351
1,597,290
0,232,430
1,216,486
2,891,794
1,482,891
2,681,550
4,367,876
1,519,656
3,802,413
3,644,334
4,636,768
4,60,35
5,961,529
3,707,301
0,456,726
3,869,883
4,753,123
4,300,781
2,215,667
4,50,165
5,605,797
2,187,59
0,546,536
0,883,278
1,285,451
0,205,191
4,799,899
0,703,42
4,46,510
2,410,836
4,225,730
5,448,632
1,756,431
2,722,341
5,382,61
5,471,485
5,936,396
5,581,383
2,700,911
4,985,791
1,749,550
0,27,580
3,199,389
5,222,636
3,501,567
4,822,463
0,617,385
4,98,138
3,796,791
0,347,54
0,29,95
2,177,232
0,226,55
1,62,329
4,337,756
3,288,552
0,744,717
3,424,343
5,759,519
4,332,982
3,471,417
5,452,619
1,503,2
5,249,738
5,699,116
0,518,902
1,214,120
5,748,45
1,184,818
4,564,279
4,369,553
1,567,960
3,147,797
3,227,635
2,880,874
1,222,19
5,126,382
1,807,22
5,479,685
4,715,686
2,108,142
2,942,16
1,751,89
0,877,290
4,347,967
2,383,694
1,126,762
0,448,663
0,744,511
0,863,652
5,893,342
3,916,58
5,770,104
2,502,298
5,510,117
1,57,133
4,442,534
5,573,793
3,651,386
1,826,762
2,371,938
5,27,346
1,64,385
2,80,985
2,960,745
2,608,348
2,489,396
5,85,399
3,202,76
1,475,798
5,569,56
3,823,943
5,68,666
0,614,608
0,821,517
1,376,717
2,506,685
1,214,414
0,131,640
4,795,947
4,340,79
0,45,118
0,353,677
2,634,753
2,103,999
5,121,232
5,110,223
3,613,615
5,19,324
0,312,739
3,25,184
5,511,278
5,173,98
2,818,42
3,480,709
4,272,117
0,186,10
2,548,566
5,551,631
4,287,341
3,393,446
1,204,603
4,723,80
1,426,843
3,196,923
0,845,142
4,686,507
1,149,101
1,657,145
5,539,372
4,225,824
1,932,865
0,428,248
3,703,695
1,544,952
0,385,106
4,227,373
4,126,815
0,136,968
4,268,866
4,263,174
0,210,950
3,272,300
0,183,835
1,720,544
3,767,670
4,495,492
0,729,205
5,488,522
2,455,612
2,456,700
1,777,583
4,223,199
0,95,941
3,990,168
0,543,382
0,708,930
3,237,458
5,264,12
4,840,416
4,19,632
5,976,271
0,406,474
3,462,374
0,290,513
2,980,25
1,515,677
5,397,218
1,36,907
2,378,450
5,22,945
1,642,543
2,786,196
4,787,622
5,656,855
2,916,437
1,722,917
0,639,597
1,875,640
1,0,776
2,495,920
5,166,705
5,511,396
1,949,135
2,408,675
3,998,186
4,800,249
0,520,27
0,521,366
3,356,203
0,136,653
4,673,74
4,367,903
0,352,124
1,810,663
0,417,866
3,734,263
2,837,914
4,473,980
4,829,403
0,131,413
0,541,947
3,996,530
0,145,395
5,750,494
5,150,226
3,405,818
0,294,837
5,942,399
2,565,589
3,753,923
1,898,837
5,166,837
0,781,955
2,168,141
4,995,122
3,923,754
4,591,735
0,332,804
3,572,722
4,997,646
3,394,354
1,497,846
1,535,734
3,235,577
5,182,702
0,794,284
0,208,795
3,906,648
3,303,506
2,534,299
4,410,32
5,131,536
2,997,121
4,11,888
3,385,538
1,299,849
1,755,214
1,424,994
0,459,659
2,592,523
1,660,715
3,706,569
3,800,803
4,336,275
2,931,516
0,455,404
4,423,572
4,490,583
3,898,872
5,625,713
3,696,450
3,835,954
1,977,116
1,823,221
3,681,306
2,142,572
1,575,830
1,738,539
1,525,519
4,854,635
3,966,317
5,639,634
4,246,861
2,228,105
3,538,492
4,403,399
2,10,745
4,677,135
3,662,534
2,922,679
4,302,339
5,915,278
4,368,204
2,658,679
0,914,676
0,331,377
4,166,187
5,799,821
4,190,495
0,205,311
0,215,692
3,762,731
2,498,967
0,406,637
1,802,623
2,783,763
3,386,547
4,320,99
4,180,813
4,786,282
4,34,557
2,822,233
2,98,980
4,863,589
4,118,290
1,571,753
2,775,666
1,425,126
4,632,529
5,465,991
2,6,876
3,724,888
5,983,287
5,961,180
4,73,995
5,774,756
4,919,340
5,990,277
5,143,948
3,18,403
0,797,19
4,706,337
5,479,889
1,550,680
1,928,38
1,261,110
4,89,724
3,787,110
4,487,783
0,812,444
0,626,864
3,501,164
3,336,360
1,641,350
2,919,353
0,351,157
0,723,718
5,325,781
2,230,519
4,568,263
3,239,907
0,522,49
5,167,789
5,730,109
0,148,58
0,459,271
5,857,28
4,991,305
0,123,562
3,646,675
0,387,243
1,632,266
1,558,622
5,313,855
0,340,889
5,780,811
0,45,822
1,43,974
5,677,30
0,253,435
3,668,742
0,706,2
4,970,384
2,941,283
1,10,312
4,994,398
2,966,287
3,88,787
2,842,378
3,234,218
3,853,651
4,196,592
1,425,917
2,747,461
0,521,572
3,165,647
0,123,579
3,63,193
2,89,433
1,41,532
0,747,494
1,177,492
4,177,63
4,307,184
3,920,265
2,333,130
4,935,446
3,277,118
2,704,157
4,767,125
5,606,23
3,619,638
5,933,949
4,299,136
1,741,745
4,723,86
3,426,310
0,650,376
2,497,582
5,441,844
1,522,84
3,121,231
2,625,455
5,286,307
1,763,439
1,764,502
5,392,258
1,644,154
2,106,651
1,643,998
2,65,62
5,3,899
2,658,14
5,446,542
5,532,383
5,275,230
4,429,829
2,408,584
5,646,209
2,948,459
4,97,899
4,159,794
3,534,242
3,432,638
2,828,748
2,221,321
1,289,937
4,184,559
1,345,491
4,487,764
0,796,844
1,548,268
0,825,116
5,818,609
0,960,390
2,998,612
0,939,932
1,496,228
1,817,211
3,588,820
5,520,215
0,458,186
3,598,171
0,106,141
2,5,383
0,161,680
0,125,536
2,353,648
4,140,301
0,976,283
5,544,915
5,442,783
2,877,547
2,81,581
0,439,396
3,86,53
2,693,818
0,669,834
2,367,893
3,811,887
1,94,204
0,649,574
0,774,484
0,272,42
3,763,817
2,426,456
5,194,255
4,937,376
2,979,862
2,240,683
4,81,56
5,692,917
4,585,949
3,806,508
4,422,766
1,160,900
3,626,405
0,463,256
1,764,867
2,115,217
5,737,1
2,154,793
1,403,238
3,83,890
4,542,569
3,455,395
0,289,905
4,582,951
5,574,212
0,411,135
2,319,827
5,402,926
0,196,15
2,689,909
3,581,808
2,305,979
4,65,701
2,307,59
1,908,722
0,490,581
1,123,593
5,195,670
3,262,804
0,892,4
1,387,292
3,961,493
4,984,58
2,130,907
4,319,357
0,887,144
2,26,562
1,376,39
3,886,617
3,904,27
5,974,829
5,875,186
5,129,654
5,804,974
3,47,496
1,309,521
2,519,150
0,977,14
5,368,671
2,513,771
0,685,850
4,483,940
0,41,885
5,987,967
4,944,630
5,250,69
4,267,781
5,218,791
0,473,233
1,183,625
5,166,641
4,615,207
4,483,372
3,615,106
0,342,397
4,969,203
3,38,235
0,134,644
3,253,276
4,39,244
1,797,571
5,900,501
3,743,396
1,846,343
0,453,990
2,550,274
5,893,533
0,906,570
5,338,999
4,329,92
4,200,33
3,337,822
0,228,102
1,507,264
5,774,492
2,707,506
4,439,631
5,326,314
1,790,736
5,115,271
0,302,105
4,173,45
3,225,99
1,117,922
3,275,425
3,103,436
1,697,2
0,459,290
2,231,570
3,861,819
5,225,178
0,468,301
1,14,575
1,201,852
0,193,194
5,636,654
0,201,444
1,518,855
4,760,248
1,683,559
5,858,179
3,505,964
1,950,887
3,311,90
0,841,233
4,744,195
1,186,531
3,137,577
5,694,826
4,664,294
4,90,407
3,73,10
0,233,485
0,529,484
3,721,742
1,265,269
3,378,894
0,144,958
1,913,34
0,187,108
4,359,571
5,642,750
5,854,582
3,145,825
1,416,237
1,129,79
2,231,439
0,704,351
2,45,362
3,410,773
4,221,344
0,170,423
0,229,102
0,144,847
0,471,869
0,270,738
0,776,95
2,185,965
1,169,161
1,381,838
0,771,558
4,704,943
4,590,223
5,435,81
4,575,868
4,607,447
2,174,757
2,90,11
5,286,329
2,934,424
4,830,548
5,525,270
5,534,987
4,102,332
0,108,968
5,968,959
5,879,161
1,521,230
4,803,834
1,307,180
3,584,477
3,966,627
4,555,995
2,224,135
3,921,370
0,828,973
2,885,774
2,17,274
5,638,391
0,343,407
3,624,571
2,996,135
4,289,89
2,715,888
2,444,978
4,441,258
3,974,328
3,793,962
3,671,828
0,866,704
1,509,168
2,894,555
1,981,627
2,157,41
2,455,42
1,922,714
3,565,514
5,982,926
2,491,373
3,541,878
5,747,330
1,295,526
3,876,874
1,485,446
3,94,256
4,357,224
2,830,747
5,575,902
0,180,675
2,340,779
3,680,385
1,604,418
2,530,845
0,450,860
4,25,974
5,356,241
5,754,979
1,608,222
3,843,589
3,308,544
3,622,409
4,668,355
4,70,369
3,507,105
2,433,172
5,24,34
3,882,532
5,177,642
3,532,406
1,731,382
3,224,613
2,530,906
5,234,578
2,406,888
1,533,702
1,589,597
4,289,985
5,747,122
0,954,174
2,249,575
4,636,769
3,316,105
3,994,107
0,929,389
2,996,792
1,790,719
1,869,172
3,856,935
3,145,967
5,557,686
5,681,237
0,4,586
3,333,223
0,391,280
1,294,130
1,36,260
3,667,678
5,913,842
0,2,491
2,597,179
2,346,71
3,825,383
3,901,663
5,16,941
0,12,752
5,705,230
4,445,699
4,36,617
0,478,768
5,927,221
3,39,656
0,20,79
5,921,623
1,954,187
1,79,90
1,126,311
0,16,56
0,184,871
1,478,360
0,449,402
3,379,58
0,735,854
4,871,829
1,796,845
2,826,792
1,90,222
1,827,821
1,984,327
3,800,616
4,611,608
3,226,885
0,963,728
3,253,51
1,656,592
3,274,619
0,40,48
3,56,95
2,967,468
5,113,154
2,695,991
2,40,456
2,164,293
3,504,443
3,695,879
2,314,763
5,120,630
0,715,616
4,642,273
5,83,40
0,22,320
1,381,596
3,309,424
1,753,577
0,248,264
1,664,136
0,450,402
3,306,94
2,561,213
5,197,229
3,398,613
0,242,803
3,266,743
1,252,255
1,69,947
1,344,777
5,448,756
5,226,669
5,381,289
1,171,168
3,956,539
2,368,975
2,183,851
0,893,868
0,326,613
1,912,412
1,231,59
5,280,98
5,73,660
2,388,77
2,967,880
2,474,454
3,96,893
0,778,426
2,170,192
4,647,675
5,634,342
0,117,315
3,548,624
4,265,277
1,983,659
5,337,806
3,829,452
2,742,741
0,657,600
3,689,279
0,478,5
2,998,114
2,998,303
4,408,851
1,467,231
3,173,919
5,737,146
3,342,431
1,869,968
5,379,311
1,145,616
0,848,418
3,376,507
5,2,102
4,169,22
4,482,116
3,660,30
1,755,400
1,415,863
3,646,450
5,617,30
3,880,324
4,814,125
5,449,101
5,809,207
2,93,853
4,807,675
0,366,597
4,782,685
5,735,398
5,926,112
4,425,537
4,147,763
3,990,376
3,621,12
0,870,610
5,790,327
2,779,542
3,934,514
1,150,190
0,601,594
1,582,535
2,542,429
3,336,316
5,362,289
3,759,145
5,508,950
1,32,690
4,243,552
1,764,369
0,967,274
0,540,907
2,489,897
1,97,670
1,110,829
0,953,6
1,821,72
5,36,985
5,907,491
3,572,129
0,430,741
1,846,524
4,530,382
4,920,710
0,297,669
2,295,219
1,229,423
2,417,421
2,870,233
4,496,929
4,313,816
5,585,940
0,244,13
2,646,322
5,784,820
5,83,619
5,593,606
2,376,393
4,28,335
1,199,854
5,719,829
4,890,480
1,928,289
5,169,600
2,104,550
3,784,52
4,80,218
4,498,583
3,189,407
5,125,23
0,423,709
0,232,886
4,469,404
2,936,648
4,650,606
2,662,77
4,864,225
0,919,486
0,326,460
2,96,931
1,864,514
5,701,362
3,25,693
1,68,816
5,211,256
3,782,973
0,246,936
5,480,251
4,287,435
1,453,838
3,532,736
5,228,396
0,128,796
0,990,250
1,674,533
3,96,278
0,200,879
2,888,908
4,84,443
0,644,879
0,69,898
4,781,699
0,456,889
2,138,110
0,359,707
4,197,702
4,131,700
1,19,41
5,608,933
1,842,635
3,413,125
3,959,241
5,506,759
0,567,326
5,792,467
4,748,674
3,768,763
2,320,628
4,857,186
5,502,673
0,9,211
5,770,275
3,142,917
3,624,200
1,602,58
0,648,914
2,687,730
0,143,857
4,144,964
4,324,637
2,9,540
5,872,654
0,524,667
3,352,779
1,838,317
4,341,668
4,910,906
3,29,296
4,369,492
1,174,94
5,335,369
5,61,932
0,502,172
2,79,742
1,874,488
5,461,72
1,248,726
4,7,708
4,29,287
4,375,611
5,996,921
2,150,992
1,741,517
1,152,571
0,582,697
3,231,835
4,735,563
1,349,877
1,125,156
2,370,665
5,100,5
0,505,366
3,424,28
3,982,212
3,911,118
2,585,523
5,582,518
0,420,177
4,359,68
2,784,959
2,840,917
3,925,982
0,508,592
4,855,995
0,72,783
1,650,93
5,226,882
0,97,355
1,32,259
1,450,57
0,817,517
2,170,0
0,817,949
4,937,775
4,987,269
1,770,338
1,760,865
3,272,415
3,162,379
5,182,354
5,712,988
5,822,296
2,272,925
5,90,666
1,783,721
4,597,136
0,18,365
3,788,482
0,713,773
2,224,860
4,718,329
3,372,769
0,404,71
5,703,528
3,631,251
2,607,66
3,493,790
3,749,253
5,407,358
2,197,151
3,966,360
5,583,947
0,687,810
4,954,281
1,663,780
5,763,770
2,481,771
5,388,287
1,489,902
2,652,149
1,566,597
0,171,34
2,307,446
1,973,465
5,440,694
3,213,679
5,82,848
5,150,960
0,295,120
0,641,254
4,931,452
4,162,465
3,235,295
1,848,235
3,908,796
5,721,138
2,468,177
2,361,338
1,962,896
1,254,871
3,603,706
3,153,310
0,788,631
0,319,112
3,394,321
2,227,457
3,861,936
1,751,923
5,69,15
0,284,609
1,735,124
4,772,625
0,924,697
3,944,928
4,96,335
1,987,817
4,128,270
0,700,806
4,7,172
2,318,26
2,379,151
2,463,468
2,135,903
3,434,738
0,472,767
2,410,735
4,981,171
3,27,297
5,376,397
1,487,238
3,235,931
0,956,614
2,373,294
2,921,704
0,629,140
4,322,64
2,29,10
1,294,439
3,989,577
2,731,9
5,835,76
4,762,9
4,386,277
3,893,676
5,679,967
5,927,821
0,693,892
4,461,802
1,343,143
4,311,142
5,777,925
3,167,659
4,315,36
1,480,781
0,855,864
5,934,479
4,72,421
0,293,412
4,368,736
3,472,696
0,752,571
4,600,50
2,648,956
5,239,324
2,810,759
5,238,928
0,361,114
5,857,829
4,146,498
4,268,64
3,3,344
3,630,56
2,371,9
2,207,197
5,674,175
0,226,879
2,337,686
0,76,946
0,775,251
3,687,955
2,664,733
3,485,668
1,471,927
2,887,176
2,29,373
4,367,582
4,169,374
1,864,91
2,638,395
3,552,196
1,831,102
5,990,775
5,828,785
2,36,857
1,388,272
4,244,43
0,567,107
1,392,334
1,988,213
3,580,843
2,263,968
2,917,913
4,449,356
2,398,685
2,830,744
4,131,118
2,247,161
4,211,235
5,34,84
3,234,101
2,890,425
4,195,950
0,358,116
2,988,393
0,9,164
2,968,383
2,918,14
4,29,767
2,136,340
2,378,585
3,990,519
3,608,735
2,614,0
0,84,343
4,608,304
5,419,185
3,965,34
0,980,24
3,593,492
1,713,938
4,69,144
2,709,212
3,605,856
4,988,569
5,386,334
1,675,257
1,877,310
0,114,82
0,387,574
1,54,109
4,781,938
2,26,934
2,608,320
3,180,546
5,113,942
3,737,899
0,897,446
1,619,922
1,428,673
4,766,338
3,210,203
0,684,602
2,966,926
4,571,13
1,765,161
3,206,591
2,103,976
4,410,275
5,658,198
2,639,477
1,98,376
1,400,163
3,904,627
5,767,551
2,76,997
1,701,367
2,394,124
2,380,639
1,825,366
2,476,760
4,436,10
0,419,229
0,446,392
4,933,141
1,68,281
1,274,446
3,285,367
4,81,865
2,175,504
2,560,717
5,322,290
5,854,914
3,854,140
3,920,324
1,376,113
1,644,515
5,332,787
0,507,77
0,730,168
3,236,501
2,241,831
2,326,155
2,249,408
3,836,706
1,44,410
4,204,281
0,955,101
0,952,115
4,460,41
4,469,971
5,68,602
0,576,407
0,555,789
4,159,112
3,524,386
2,27,971
1,54,867
2,210,706
0,218,806
3,707,890
2,360,698
1,795,406
5,67,711
3,453,318
0,678,224
3,29,408
1,446,715
1,95,515
1,6,647
0,799,508
2,664,804
2,946,15
3,262,179
1,759,492
3,721,391
5,35,144
5,501,379
1,743,163
5,412,737
2,823,901
5,632,991
2,554,69
1,514,338
0,534,294
5,865,757
4,883,193
4,272,404
1,941,443
0,539,586
5,83,772
0,955,284
2,443,304
1,659,629
5,915,885
5,74,304
2,912,186
1,474,562
0,350,214
3,737,811
3,631,592
4,542,30
2,926,247
5,721,86
2,237,984
2,494,52
3,602,730
3,119,679
3,707,7
1,795,784
3,346,735
1,396,60
2,271,822
0,386,878
0,416,311
4,809,898
5,345,790
4,315,868
2,536,553
0,230,342
3,791,849
1,392,895
2,867,212
5,509,297
2,535,647
5,852,33
2,563,446
3,73,682
3,218,9
0,538,67
0,862,767
5,997,244
4,977,716
0,280,17
5,43,571
3,477,405
1,488,87
1,881,215
0,753,34
0,674,231
0,983,681
2,142,243
2,887,604
3,478,435
3,655,549
0,858,782
4,17,339
5,554,858
5,395,350
3,470,76
4,463,312
5,707,472
5,886,966
1,877,307
3,692,265
3,711,570
1,586,947
0,834,294
1,73,787
2,189,502
5,302,63
5,726,575
4,160,912
1,937,541
5,262,992
2,568,473
3,648,420
1,67,583
3,991,869
0,649,215
4,409,874
2,75,779
4,571,912
5,373,248
1,286,690
5,358,504
1,893,521
5,729,753
0,61,157
4,583,56
0,505,539
4,148,753
0,284,774
0,25,941
4,846,295
0,881,942
3,547,826
4,818,920
3,552,811
3,447,713
3,618,9
4,527,1
0,41,384
0,746,817
0,473,158
0,913,947
4,293,52
4,358,152
5,647,587
1,270,184
4,763,915
4,785,749
5,213,139
1,69,286
5,820,822
4,818,575
3,136,27
1,293,551
3,183,234
3,16,944
5,882,452
0,443,799
3,16,720
4,408,703
1,447,233
4,58,694
0,507,394
4,845,184
5,390,852
2,586,941
3,904,385
2,563,335
3,204,251
1,279,329
3,464,188
1,300,713
4,449,462
4,740,196
2,701,586
5,63,104
5,632,985
2,240,252
0,591,380
0,688,649
5,810,659
0,244,1
2,320,284
0,277,243
5,821,33
0,547,940
5,461,417
2,413,627
0,410,779
0,704,105
5,982,162
4,232,706
4,410,209
4,21,132
5,751,446
0,812,548
3,508,899
1,385,202
1,292,517
4,243,127
4,237,861
5,86,54
4,242,228
5,886,199
2,863,260
2,760,197
5,416,891
4,973,971
4,478,31
4,317,976
1,508,136
2,240,644
4,384,208
5,264,571
0,686,230
5,507,107
0,594,270
0,815,258
3,169,441
5,260,455
1,703,444
0,580,730
2,668,685
3,175,65
5,319,770
0,608,501
5,314,223
1,703,287
2,362,818
3,516,944
1,275,530
4,1,860
5,658,994
5,399,882
2,14,930
4,967,79
2,848,486
5,532,282
3,489,211
3,935,479
5,918,511
3,791,221
5,125,485
5,250,664
2,731,36
0,299,159
1,735,111
2,658,181
1,70,220
5,544,122
5,393,681
2,658,739
3,210,430
2,419,328
2,245,352
1,47,916
3,218,875
3,319,860
5,343,809
1,312,742
1,776,195
3,826,473
1,444,109
0,824,173
1,645,848
2,249,716
5,100,196
5,12,690
4,591,838
3,780,192
4,910,383
1,488,232
0,221,759
5,881,115
0,22,311
2,888,640
3,238,159
0,822,357
5,333,950
1,360,112
1,195,368
0,725,754
1,330,135
3,231,726
0,127,592
1,454,931
2,621,993
1,888,150
0,464,342
5,148,501
0,17,396
3,180,394
1,260,638
1,129,596
0,363,842
2,212,189
4,645,153
2,123,185
2,557,789
5,79,5
0,761,350
3,179,704
3,423,386
1,809,738
0,802,641
3,604,988
4,916,177
1,409,468
0,248,94
3,256,240
5,890,241
2,969,390
0,435,75
3,958,429
3,524,877
2,91,981
2,331,119
3,637,21
0,191,743
5,304,325
1,929,88
3,932,28
3,930,829
5,806,95
0,285,858
3,587,663
0,982,978
4,388,38
0,45,662
0,726,53
1,770,334
3,253,126
5,479,56
2,339,765
1,599,975
4,865,208
2,970,675
4,549,371
2,364,610
3,473,740
4,401,488
1,34,761
2,581,845
4,786,817
1,241,714
4,105,858
5,286,10
1,15,774
0,355,983
5,235,889
2,978,433
0,66,879
5,198,977
5,895,378
1,175,595
3,416,24
3,303,554
2,324,486
0,384,923
5,516,171
2,9,987
3,402,236
2,275,768
5,612,852
3,930,0
1,468,787
5,491,740
1,213,176
0,355,101
4,781,273
3,161,510
3,152,207
0,607,344
4,544,281
0,905,816
5,388,296
3,215,894
1,682,79
1,888,736
5,540,994
5,20,754
0,498,977
3,185,623
1,919,632
4,5,85
4,23,434
4,793,576
0,840,606
4,480,128
4,724,80
3,361,541
4,963,942
1,275,423
2,582,238
2,606,931
4,283,932
0,902,924
5,965,603
3,644,624
4,620,487
3,13,360
4,981,563
1,961,655
3,23,923
0,132,264
2,897,117
5,758,298
1,361,843
4,497,19
4,84,733
2,742,539
2,289,662
3,892,660
0,285,61
1,971,57
4,302,38
0,525,400
5,951,883
4,612,372
5,636,996
1,904,521
1,59,33
1,714,456
2,429,300
3,808,835
4,97,225
1,938,232
0,182,532
5,830,495
3,664,172
2,941,736
5,309,574
2,477,506
4,225,145
4,915,734
1,170,20
5,409,176
1,815,906
2,540,92
4,400,634
1,109,470
4,914,785
3,642,436
3,239,690
1,95,586
5,933,834
0,942,405
2,597,828
2,290,887
5,976,367
1,886,972
1,140,764
5,207,766
4,34,827
0,102,213
2,520,567
3,609,956
0,198,335
1,625,362
3,911,362
2,253,471
1,786,292
1,698,660
2,301,967
5,628,904
4,797,15
1,668,846
2,149,240
4,611,258
2,507,558
3,955,471
3,526,24
5,110,255
5,201,809
1,327,425
4,970,719
5,85,464
0,183,12
5,764,98
4,775,279
1,933,79
1,17,797
3,32,832
1,411,687
0,319,983
4,890,85
4,33,939
2,834,604
1,282,152
4,935,994
0,336,60
5,179,161
1,15,514
2,815,988
0,757,399
1,96,637
5,820,863
3,257,948
0,553,944
3,111,955
4,543,75
0,230,346
2,567,83
1,751,401
0,856,638
3,809,858
4,914,700
5,750,585
3,636,228
5,819,159
3,809,821
5,325,934
3,663,433
1,963,169
1,825,164
5,501,602
3,263,822
1,578,279
5,519,419
5,855,776
4,418,374
3,901,334
1,946,101
0,153,154
1,955,236
0,135,414
1,924,288
1,485,698
2,514,557
5,410,891
5,595,201
3,594,514
4,899,614
2,309,928
4,212,711
1,287,390
3,614,749
4,649,709
1,812,111
3,202,457
5,696,152
1,986,504
2,268,582
2,937,882
3,686,469
2,325,104
5,969,124
5,384,446
3,85,202
1,54,881
3,56,352
4,668,656
3,756,452
3,936,785
0,772,743
2,959,509
5,221,383
5,288,431
2,497,936
1,518,714
5,391,704
4,516,888
3,886,66
0,919,239
3,939,672
2,107,279
3,76,754
3,873,100
4,455,159
2,254,814
5,406,295
3,111,797
0,614,326
0,860,72
0,287,787
4,490,432
5,98,191
3,241,599
0,747,728
2,906,433
2,146,812
4,436,274
5,179,807
1,261,964
0,415,484
0,460,727
4,323,396
5,219,788
1,719,393
3,727,148
5,904,779
1,199,510
4,365,325
2,306,5
0,620,355
2,725,611
1,343,411
0,340,991
1,812,786
0,15,662
0,675,732
1,126,838
0,88,36
4,977,560
3,352,367
0,236,580
2,872,376
3,557,548
3,535,505
1,650,444
2,895,765
2,203,239
0,325,985
5,20,376
2,141,232
5,533,43
4,166,317
1,830,247
0,410,844
4,576,733
0,771,567
2,694,587
0,828,811
0,964,543
4,70,946
0,302,988
4,732,697
4,204,589
4,571,126
3,688,478
3,303,166
0,660,616
3,656,677
3,914,64
2,380,872
2,127,897
3,542,102
4,725,682
0,245,326
1,473,210
1,360,590
5,577,915
1,733,619
0,268,44
5,249,574
0,51,437
4,162,525
5,817,700
4,511,617
3,57,595
5,134,429
0,111,517
1,12,304
1,75,30
4,440,695
1,915,116
3,279,405
3,929,946
3,61,205
2,225,228
2,173,579
4,219,10
3,881,149
3,787,864
0,821,737
0,764,838
5,735,37
4,201,875
5,429,192
1,461,167
4,722,61
2,255,954
2,58,859
2,659,729
2,688,383
3,714,286
1,453,821
3,124,310
2,522,932
3,346,940
2,517,698
4,359,583
0,534,834
5,987,363
1,272,752
2,995,260
4,541,836
0,434,313
4,267,452
1,769,204
4,385,942
5,698,465
3,727,721
3,594,678
0,703,22
1,674,430
0,982,969
0,576,207
4,872,171
1,293,317
1,399,59
2,508,106
0,374,778
1,236,528
0,827,799
3,832,81
0,253,700
2,94,635
3,157,518
4,136,105
2,981,792
3,746,77
5,518,395
3,841,291
4,223,833
4,114,744
0,529,397
4,438,216
4,142,235
3,618,310
2,711,397
5,604,565
0,686,889
3,640,764
1,45,80
3,297,550
4,272,89
4,732,396
5,68,120
3,918,672
4,285,996
1,573,527
3,466,794
1,265,721
2,125,39
1,747,80
0,442,670
5,360,401
2,783,587
2,624,790
2,178,698
5,515,852
0,907,285
4,548,437
4,991,120
0,72,900
4,839,372
0,427,229
3,474,160
0,281,856
4,599,873
4,416,180
2,820,142
4,542,455
1,307,647
1,473,410
1,821,555
3,860,214
1,68,163
1,439,571
4,81,213
3,563,646
2,816,577
1,539,711
1,401,829
2,937,198
2,114,619
3,902,78
4,566,572
4,677,590
0,238,587
5,218,36
3,755,105
2,611,167
1,764,975
1,414,907
5,492,313
2,788,919
5,250,301
0,116,984
4,87,769
5,521,937
0,590,574
5,277,260
0,841,358
4,304,760
1,522,707
4,813,128
2,878,274
4,819,718
1,201,899
0,85,136
2,253,613
4,583,449
0,225,338
3,375,912
2,311,961
4,684,384
0,892,416
0,395,333
4,446,203
3,763,450
2,722,299
3,675,596
5,696,645
1,755,101
1,363,472
2,498,642
5,969,328
2,786,770
1,573,201
3,333,53
1,765,264
3,402,398
3,365,665
1,99,892
3,936,90
5,629,862
4,434,534
5,102,746
5,68,48
1,122,927
5,661,887
0,580,295
4,514,817
5,427,255
3,188,226
4,479,730
1,392,80
1,794,603
5,547,519
4,510,212
5,931,388
1,219,471
0,636,490
4,890,770
1,79,5
2,473,54
5,277,886
1,642,439
5,163,995
3,288,762
1,15,836
5,55,602
0,931,347
2,98,861
4,298,537
5,452,920
5,890,460
4,746,870
5,759,481
1,27,35
3,727,978
3,504,955
1,245,56
5,574,121
2,782,143
2,125,535
2,301,872
3,904,800
5,569,614
3,383,827
3,74,785
1,886,522
0,502,328
0,128,6
5,195,815
1,624,701
5,496,174
1,233,706
2,204,667
4,273,787
5,378,374
5,765,909
5,902,349
3,765,656
1,525,824
0,961,81
5,708,545
1,494,617
4,705,724
5,881,478
0,457,218
1,935,658
3,17,582
0,189,606
3,300,976
0,638,983
1,861,527
5,651,908
5,754,781
0,816,491
3,173,570
5,19,123
1,328,372
2,459,730
1,450,638
4,385,757
1,45,518
5,59,897
4,897,528
5,917,814
2,336,738
1,691,378
0,757,371
2,829,940
2,117,858
3,428,179
4,98,202
5,55,405
3,374,979
3,200,190
4,256,818
4,117,467
3,607,544
3,73,610
5,143,530
2,356,926
0,865,765
1,477,638
3,402,469
5,319,192
4,77,797
3,434,239
2,684,710
5,580,450
1,517,364
4,608,414
3,303,737
4,379,820
5,307,949
5,245,644
5,619,10
2,689,48
5,54,252
4,886,705
0,80,737
4,690,340
5,540,740
2,771,533
1,491,185
2,529,954
5,958,388
1,520,702
1,385,396
2,96,971
4,471,371
2,636,632
4,320,72
1,194,419
4,603,435
0,520,782
4,524,438
1,207,202
0,443,506
0,864,990
0,807,26
3,350,565
2,793,188
4,735,695
1,706,875
1,372,12
0,897,421
5,415,165
0,664,572
3,471,538
5,462,202
5,800,940
2,7,310
5,427,46
0,63,102
1,729,659
3,852,96
3,737,852
0,662,423
0,547,980
2,504,90
0,411,839
2,942,559
2,751,30
5,498,463
4,513,535
2,304,236
5,301,42
4,952,885
5,864,215
3,798,176
2,694,423
1,11,312
3,615,436
5,904,544
0,952,679
4,355,79
0,344,865
1,95,782
0,425,465
2,836,83
2,756,968
0,730,133
2,49,392
5,129,294
2,157,882
5,175,160
1,401,187
1,888,960
4,988,216
2,246,953
2,976,506
0,35,816
0,40,675
5,724,385
0,119,357
2,365,673
4,760,795
5,348,653
3,746,877
5,105,463
5,93,658
0,350,118
5,57,623
1,100,640
3,95,88
1,372,371
2,428,817
0,924,807
5,646,454
5,247,518
0,266,746
1,992,196
4,59,476
3,275,382
1,446,454
5,725,954
3,321,380
0,357,495
5,682,27
4,492,253
5,797,270
4,305,189
4,676,321
0,841,340
4,548,526
3,422,153
4,778,516
2,493,680
0,678,837
3,148,296
1,942,306
1,362,515
0,507,700
1,96,13
2,760,202
4,89,396
2,764,54
2,704,574
0,101,881
0,837,891
2,671,725
5,384,550
5,23,170
4,205,721
5,217,225
5,110,564
1,355,276
3,871,74
2,627,169
4,174,708
3,105,603
0,860,240
2,767,516
4,144,233
2,24,180
2,741,745
5,685,226
0,316,164
4,853,835
1,528,830
2,554,365
5,836,401
0,464,214
4,249,564
0,823,547
1,147,47
3,196,545
1,745,621
1,138,151
3,425,466
4,507,16
5,247,458
1,546,868
0,56,599
5,887,97
4,138,373
5,5,563
3,799,995
4,419,699
1,342,981
0,637,544
4,407,789
5,472,123
3,967,431
0,579,562
1,789,188
0,438,979
3,995,287
1,490,311
2,812,74
0,634,727
0,12,458
0,739,128
2,352,630
4,642,618
3,742,82
4,911,818
5,939,417
3,258,109
1,216,78
2,690,332
1,923,956
5,472,613
5,879,125
3,483,19
1,239,944
2,140,792
4,734,889
1,77,759
4,296,994
2,342,189
0,169,178
5,181,490
1,202,101
4,685,24
1,119,222
4,446,339
2,520,40
1,535,754
1,79,925
1,701,573
5,42,463
5,325,202
4,998,612
1,414,88
2,653,213
4,354,807
4,384,711
5,875,408
0,213,819
1,659,750
5,90,948
1,643,890
1,693,898
4,681,424
1,564,73
4,12,955
2,526,419
4,376,419
0,951,678
5,502,888
0,51,831
3,14,740
2,672,640
5,845,508
0,731,71
5,614,687
5,250,725
2,384,79
3,328,124
3,270,619
1,402,10
1,821,785
3,837,531
5,814,892
0,775,555
4,240,368
3,82,543
4,258,415
0,690,607
5,985,400
3,430,888
0,948,898
1,413,175
5,999,115
3,239,752
1,431,358
1,287,851
4,657,501
2,182,513
3,76,917
1,291,145
1,535,687
2,539,990
0,576,733
4,158,94
5,425,950
4,88,877
0,373,538
0,570,622
4,627,396
4,150,870
4,967,44
4,268,546
4,373,29
1,974,567
2,838,196
1,955,34
1,993,430
4,571,477
5,214,854
4,133,254
0,65,978
1,583,18
3,441,286
5,698,213
0,144,802
5,444,639
5,668,747
2,689,112
1,375,197
0,989,563
4,384,238
1,562,115
3,686,719
3,483,222
0,412,772
5,408,296
0,84,91
4,818,464
3,177,168
3,546,541
3,794,888
5,34,309
2,349,428
0,235,461
2,703,636
1,73,444
1,718,818
5,276,167
0,293,892
4,705,134
2,276,253
1,927,810
5,199,45
0,549,994
1,14,922
4,704,334
1,450,52
2,468,265
2,59,476
3,864,353
5,163,144
5,193,403
3,689,802
5,153,831
2,305,343
3,731,752
2,629,970
3,239,807
5,358,171
2,544,729
0,504,743
5,748,932
3,871,544
3,876,976
0,48,686
4,320,196
4,338,499
4,591,80
4,235,402
1,737,458
0,445,410
1,964,447
2,958,771
3,69,845
1,829,654
4,608,889
3,642,58
4,250,677
0,518,133
1,87,117
4,770,327
4,205,350
4,323,180
3,170,327
0,131,488
4,99,786
3,928,766
2,724,879
4,673,476
4,664,364
1,959,833
3,565,607
2,653,992
3,186,922
0,857,491
0,754,675
4,292,20
5,418,97
4,820,173
3,772,466
3,636,844
3,728,495
0,984,363
5,282,165
0,669,143
2,190,110
2,681,582
0,559,612
4,165,236
2,389,43
2,864,453
1,563,252
4,624,849
5,224,167
3,659,210
3,206,854
0,729,85
2,648,513
2,265,651
5,964,195
0,649,436
3,526,30
5,533,775
3,870,827
1,908,287
2,626,798
4,364,12
2,873,17
0,947,606
0,173,695
2,179,65
1,927,70
1,275,702
0,700,217
4,401,491
2,333,667
4,622,179
1,627,485
0,289,444
4,19,940
5,558,448
5,313,74
0,695,49
5,829,935
2,117,445
0,551,959
1,616,892
0,397,837
0,581,912
0,122,250
2,576,819
0,190,774
2,253,149
0,312,166
5,853,856
3,395,814
0,594,111
1,557,223
5,422,404
0,327,167
0,503,502
0,225,743
2,108,345
1,606,627
4,878,947
4,572,920
1,482,424
0,451,592
2,343,728
3,700,581
1,929,136
0,233,320
4,166,223
2,965,985
5,23,95
3,755,800
2,969,317
5,234,78
2,827,883
1,347,938
4,696,27
4,715,191
2,861,18
2,456,543
5,457,243
1,500,632
4,350,341
5,997,450
1,636,57
1,202,86
0,850,617
1,630,597
0,797,25
2,159,922
3,902,209
4,810,51
5,995,314
5,50,811
1,829,813
3,779,795
3,855,322
1,747,774
0,931,605
3,415,178
1,305,391
5,210,951
1,245,278
5,280,43
0,498,319
0,962,456
1,658,377
0,894,310
5,856,517
4,593,293
0,164,746
2,800,940
1,599,168
0,62,806
1,694,461
1,712,773
2,948,308
5,970,641
1,410,532
1,157,270
0,51,93
0,350,608
1,590,344
3,475,820
5,882,824
1,126,220
5,437,674
1,573,954
0,388,690
0,766,897
3,494,375
4,353,42
3,18,516
1,923,871
5,821,267
0,726,377
5,564,592
1,458,364
5,557,749
5,377,885
4,350,214
1,359,653
5,777,150
3,174,627
4,229,675
1,217,927
1,121,398
0,53,349
0,669,671
2,673,123
0,503,83
5,297,908
4,856,102
5,773,191
3,860,378
2,548,245
4,667,886
5,605,832
5,879,144
1,899,861
0,922,112
3,119,766
4,587,113
4,479,382
4,828,55
2,907,804
4,301,227
0,508,331
5,525,14
5,126,487
2,820,504
5,334,152
3,974,504
4,519,922
4,764,325
5,998,272
5,395,499
0,222,894
5,309,219
5,662,970
3,905,583
2,556,84
1,927,402
3,812,316
4,223,955
3,389,969
2,589,265
4,586,811
4,939,808
0,528,552
0,546,762
5,642,334
4,487,961
5,487,318
2,496,559
2,498,823
2,705,987
5,295,0
5,748,154
2,682,917
0,198,442
5,909,811
3,86,432
4,672,67
2,991,617
0,952,619
3,22,394
5,970,649
1,603,716
1,14,129
2,946,370
2,911,793
2,822,359
3,955,997
4,203,977
2,747,443
3,864,380
2,848,903
5,809,96
2,129,273
3,958,8
4,754,450
2,195,132
3,738,596
3,721,555
2,831,811
0,752,29
3,3,735
0,533,236
2,773,145
4,688,374
1,348,701
0,183,405
5,409,203
5,39,86
3,814,241
5,660,352
0,784,682
5,320,340
4,317,519
5,845,643
5,182,511
2,147,596
2,314,751
2,896,107
1,844,199
0,866,759
5,592,731
5,156,954
3,360,983
0,817,316
0,210,565
1,2,285
1,48,415
2,577,927
4,432,563
1,697,607
1,999,543
5,268,45
2,149,345
5,897,674
1,370,6
2,582,549
2,457,866
5,662,264
1,744,553
0,744,359
0,603,940
3,484,597
3,654,997
2,893,462
1,417,213
0,221,86
3,496,401
3,589,571
4,845,776
2,98,679
2,402,123
5,301,817
5,125,661
4,916,448
4,654,323
0,459,79
0,219,422
5,970,428
1,570,479
3,637,941
0,967,70
1,136,63
4,468,20
2,663,676
4,295,557
1,251,821
2,651,976
2,220,919
0,29,672
3,201,244
5,888,398
4,91,481
4,723,933
3,425,956
4,683,485
1,189,22
5,748,253
2,340,413
0,136,724
4,14,958
4,353,194
0,256,788
3,135,741
4,239,113
4,908,641
0,324,126
5,754,596
0,397,808
5,5,661
5,651,463
2,733,466
5,989,372
2,229,166
3,298,764
4,185,825
1,628,590
3,118,4
1,842,375
5,654,134
2,390,670
2,154,748
5,815,735
5,922,175
3,903,979
5,532,788
1,778,751
5,586,827
1,377,716
1,32,664
3,651,272
2,952,507
5,213,703
4,705,795
5,295,644
2,197,883
3,575,791
3,796,289
5,981,856
0,643,115
4,642,463
0,399,196
4,377,110
0,175,939
4,740,866
3,597,255
3,590,919
2,187,301
2,510,476
0,275,422
0,658,869
3,295,917
3,3,298
2,795,136
5,961,889
3,148,986
0,611,334
2,85,542
3,191,592
1,785,928
5,933,222
1,4,523
4,248,551
5,70,426
4,989,855
2,970,91
5,587,651
2,30,768
0,363,455
0,830,439
5,37,610
3,67,357
5,196,319
3,266,387
1,609,268
4,17,941
5,434,97
4,669,433
5,854,145
4,109,236
5,750,892
2,49,913
5,817,330
4,56,118
1,766,197
1,372,524
2,645,853
2,860,170
5,317,470
1,833,90
0,763,955
0,777,749
5,55,757
4,508,593
1,580,991
4,255,867
3,364,444
5,775,176
5,658,383
2,252,439
3,316,453
3,214,290
1,518,148
0,936,249
0,167,976
4,668,381
5,963,364
3,502,250
2,301,172
2,730,984
3,661,46
4,865,485
1,935,958
5,612,513
4,623,12
0,652,425
4,114,202
3,136,119
0,16,727
4,63,623
0,71,401
4,956,540
2,724,320
3,491,546
4,880,125
2,257,354
4,404,598
1,509,841
3,577,601
3,567,524
3,59,546
5,799,740
0,319,26
5,570,781
2,255,205
0,530,866
0,894,695
5,933,621
4,100,575
4,884,452
4,72,420
3,928,356
5,705,922
1,622,480
5,997,174
2,224,870
1,100,605
2,390,154
5,544,84
0,560,994
2,11,455
0,507,214
4,324,433
3,523,492
5,888,207
0,579,140
4,434,344
1,15,910
2,668,707
4,655,573
3,717,17
3,483,849
5,579,372
1,910,14
5,521,997
3,681,853
0,511,153
1,570,475
2,686,377
4,366,945
0,950,768
3,3,515
5,560,833
1,334,764
3,73,748
3,502,705
2,633,43
5,545,671
4,654,157
3,649,279
1,858,85
5,198,55
2,531,422
1,790,228
1,422,284
3,976,238
5,765,303
3,518,650
2,160,142
2,270,413
4,724,856
5,975,638
1,236,26
2,795,697
0,813,937
5,702,493
1,994,696
2,864,623
3,722,183
1,862,646
4,953,966
3,717,736
2,140,469
4,633,801
3,512,717
3,412,878
1,80,402
2,623,798
4,367,217
4,723,668
2,605,688
3,839,309
0,512,34
1,637,734
1,469,638
1,361,844
2,754,129
2,682,753
5,333,362
4,644,699
0,92,855
3,630,235
1,729,963
5,141,124
3,12,474
1,740,19
5,428,118
3,40,342
1,446,500
4,262,753
3,636,14
4,960,158
2,814,990
4,992,927
3,963,445
2,15,835
2,45,999
1,339,983
1,304,85
5,256,798
3,950,298
5,416,554
5,143,402
4,268,965
3,315,417
1,626,74
5,456,578
5,560,828
1,124,839
3,167,930
3,15,332
1,573,367
3,621,717
1,3,427
2,573,37
2,400,566
2,694,157
5,759,815
4,240,244
4,748,747
0,805,613
1,108,494
5,295,577
0,559,751
1,399,772
5,247,296
4,906,88
0,298,697
2,490,194
4,377,838
3,846,225
5,786,352
4,106,970
4,823,13
1,859,949
1,66,394
2,703,120
3,282,629
5,815,837
5,484,356
3,589,759
0,390,49
1,69,245
3,957,99
0,102,435
1,553,189
1,448,169
1,527,561
3,423,503
0,951,46
0,312,685
1,590,747
3,558,68
1,133,830
3,822,845
4,29,288
2,628,215
1,458,693
2,67,435
4,712,22
0,15,897
2,25,275
5,86,317
2,868,634
4,727,982
2,728,284
0,812,920
4,127,210
5,790,695
1,982,599
5,339,50
0,110,142
2,215,621
0,69,559
1,671,284
4,635,299
5,535,69
5,161,550
3,564,20
0,158,971
3,57,809
1,661,867
1,769,53
0,228,919
1,170,429
2,751,918
1,568,425
3,422,10
0,616,83
3,517,274
5,461,422
2,572,378
4,66,523
4,536,656
5,126,947
4,383,242
4,826,667
0,299,276
2,822,7
2,970,837
3,456,683
2,670,741
4,889,723
1,331,964
1,159,209
3,700,995
1,933,380
3,459,784
2,845,618
4,169,249
2,600,907
2,285,340
3,870,745
1,796,213
2,595,200
3,622,536
0,62,433
4,998,786
5,546,665
0,919,329
5,413,944
4,138,606
2,155,13
5,412,296
1,220,935
2,641,711
3,480,690
3,800,757
3,844,330
3,260,615
0,244,454
4,552,465
1,198,340
0,740,825
1,635,383
4,608,97
4,104,338
2,181,295
0,473,732
3,21,379
1,2,441
2,891,935
0,849,286
2,723,925
2,91,26
2,192,101
3,894,202
1,75,919
5,675,282
3,424,810
4,102,288
3,931,137
3,382,386
1,108,999
0,869,474
0,351,132
4,723,232
2,738,258
5,179,550
3,332,924
0,364,974
1,199,974
5,232,559
3,845,566
0,460,547
1,456,742
4,289,32
5,494,701
2,233,234
1,387,686
2,710,988
1,576,721
3,456,785
5,565,248
5,36,581
3,929,607
2,361,346
2,248,981
4,674,169
3,944,25
2,536,81
5,692,946
0,693,914
5,137,341
4,747,764
4,596,280
2,847,183
2,528,158
3,168,851
0,415,924
1,19,23
1,545,464
5,122,693
4,81,602
1,285,624
4,522,323
0,963,235
0,280,747
1,394,800
3,892,710
5,462,559
3,855,4
4,43,106
5,509,344
1,271,318
1,209,35
3,474,6
3,246,745
0,273,913
1,191,470
3,955,962
0,704,581
0,727,865
3,750,452
1,553,122
3,86,738
5,636,69
1,547,921
4,981,611
3,290,826
0,358,331
0,872,634
0,80,43
5,20,909
4,520,558
0,440,36
0,410,295
0,564,659
4,493,841
2,454,564
0,971,513
3,726,207
3,250,118
4,721,689
4,58,954
1,666,8
4,534,171
1,883,892
5,640,455
5,490,989
0,119,318
4,63,506
0,791,330
2,168,102
2,782,186
3,832,541
3,230,458
1,593,712
4,888,741
4,517,666
4,136,546
1,817,246
1,602,852
1,208,265
5,780,902
5,903,152
2,755,616
4,350,996
0,279,299
2,531,170
4,809,317
1,963,639
2,25,650
5,961,768
0,601,541
1,251,678
5,209,461
0,258,409
0,824,994
4,934,65
5,491,853
3,600,540
3,586,600
5,149,289
2,540,171
4,556,18
0,21,67
0,476,345
5,895,815
3,297,421
4,113,652
4,883,538
0,993,874
3,491,545
4,180,289
3,594,604
2,231,373
0,916,650
0,179,504
0,921,983
3,415,937
4,19,561
5,663,613
1,732,294
0,420,52
4,735,435
0,723,203
4,112,883
0,211,590
4,155,68
1,271,977
1,877,517
4,150,547
5,567,433
3,156,445
4,48,107
4,475,276
3,844,483
0,555,762
1,571,172
0,890,735
4,864,788
4,297,402
4,259,919
1,58,33
2,239,969
4,864,142
3,394,548
2,176,301
1,725,461
4,442,721
4,227,837
1,858,216
1,960,545
0,145,785
2,389,529
0,283,717
4,551,211
5,545,967
0,955,167
0,970,983
3,419,395
3,356,334
4,145,928
5,710,715
0,820,413
1,614,362
3,331,660
2,327,174
4,733,698
2,422,325
4,323,941
5,308,217
3,878,735
5,57,830
3,671,847
3,132,265
3,340,706
5,755,438
2,55,24
1,980,726
4,730,453
3,739,238
5,87,153
2,98,178
0,147,811
4,982,490
4,957,858
0,993,610
4,199,626
0,211,712
5,978,919
1,411,679
0,309,85
4,995,947
0,705,0
4,827,978
5,99,805
1,655,254
5,795,725
3,609,465
3,646,191
5,618,865
3,149,165
2,2,618
2,311,366
0,883,597
3,687,720
0,614,145
5,635,427
1,58,98
1,859,276
5,677,351
5,474,520
5,915,875
5,525,417
1,722,48
2,623,636
5,361,199
5,316,996
5,641,484
0,780,114
3,359,227
2,588,442
2,785,354
2,696,254
0,491,487
0,1,509
2,383,85
3,261,893
1,664,359
3,422,112
5,525,901
5,689,690
4,559,880
1,5,756
4,395,382
2,615,386
4,431,958
4,500,540
5,141,348
4,382,995
0,178,258
5,226,558
2,429,458
5,98,939
1,40,163
0,812,6
2,545,455
4,397,56
0,638,713
1,367,50
2,56,675
4,617,683
1,657,487
5,34,783
1,237,324
1,580,350
0,366,392
0,927,711
0,74,491
3,810,383
0,506,911
0,941,79
1,169,660
4,607,589
1,422,396
5,565,709
0,770,785
4,185,767
0,959,611
0,87,120
5,96,399
3,863,410
2,556,368
4,582,432
0,534,734
4,593,617
1,148,882
4,819,839
1,323,353
5,16,409
4,269,521
2,458,868
5,115,790
5,228,206
3,901,888
3,410,965
1,780,620
4,753,221
5,530,339
2,413,87
0,180,834
4,879,272
2,214,977
0,170,480
2,96,341
5,694,902
2,555,502
5,26,800
4,39,947
2,962,825
5,994,344
2,942,789
1,263,95
0,415,899
5,116,990
4,169,541
0,500,382
3,578,757
0,372,518
4,782,413
5,450,944
0,637,78
0,387,520
5,659,945
0,376,178
4,785,438
0,164,532
1,439,32
1,262,482
2,40,600
2,499,964
3,856,439
3,791,953
2,41,466
1,389,224
5,438,165
4,433,741
2,165,829
1,754,35
5,725,399
2,514,63
5,718,96
4,169,570
5,917,549
5,324,484
4,797,506
2,664,565
2,167,444
5,827,125
5,808,97
4,565,833
4,820,977
4,871,970
3,166,841
1,423,372
0,906,801
4,119,996
1,631,644
5,810,710
2,44,215
2,503,35
4,40,192
0,0,143
1,162,58
0,186,175
0,664,782
0,82,708
2,481,707
5,108,869
1,212,297
5,362,659
1,726,121
4,278,80
4,422,984
2,566,888
4,407,20
2,99,293
1,268,101
3,862,109
2,487,740
0,158,474
0,158,512
1,650,1
4,340,996
1,114,229
4,609,212
1,856,19
5,993,291
3,558,638
2,549,709
2,8,822
4,464,516
2,801,23
4,316,762
2,204,126
0,949,959
5,301,882
4,391,554
3,812,884
5,323,76
0,829,58
5,789,86
1,187,612
3,751,865
5,149,785
4,959,486
1,549,812
1,507,31
2,53,803
1,264,697
5,526,294
2,339,903
0,981,483
4,556,534
5,871,400
1,3,522
4,649,140
4,628,944
5,825,667
1,477,243
5,981,835
5,991,83
2,90,213
0,449,800
1,553,4
4,431,464
5,577,641
2,209,152
0,202,723
3,390,281
2,242,892
0,971,654
5,98,920
1,442,93
4,337,765
3,130,489
5,862,906
5,57,607
4,320,615
3,829,505
5,219,237
4,785,56
3,114,887
5,797,349
1,660,854
5,118,935
3,343,423
0,240,541
2,146,839
0,347,707
2,967,829
0,458,999
0,624,672
1,636,531
3,637,810
0,338,744
4,175,362
3,458,904
1,961,518
5,838,190
1,111,2
3,265,432
1,623,80
2,390,50
3,131,181
1,568,628
1,627,705
3,672,635
0,880,261
2,615,421
2,643,564
2,538,647
3,771,136
1,577,508
4,707,357
4,716,940
0,979,323
0,405,352
3,870,290
3,537,668
1,591,454
4,290,705
0,283,164
2,710,595
5,499,106
3,224,366
5,741,16
4,730,368
0,304,653
5,582,204
1,1,432
0,287,450
3,523,57
5,324,369
4,166,21
0,795,744
5,258,458
5,298,257
5,800,467
5,217,397
0,692,827
0,258,782
5,268,430
4,855,206
0,948,83
2,209,335
3,553,26
4,879,33
0,309,85
3,54,851
0,519,336
1,241,342
5,62,117
4,229,670
4,680,687
3,999,494
1,458,595
2,919,323
3,934,75
0,18,829
4,999,266
0,267,893
1,756,810
4,245,363
0,884,367
3,21,464
0,846,703
2,892,937
5,640,639
5,980,260
2,963,474
0,402,514
0,3,533
3,295,562
4,588,392
4,133,988
0,922,751
2,295,986
3,888,258
3,256,478
5,632,90
5,434,653
2,507,749
2,179,872
3,79,381
0,588,996
1,347,947
5,739,323
3,201,80
0,623,938
0,837,189
3,988,276
2,478,457
5,830,976
2,171,554
2,909,478
4,955,22
0,336,641
3,6,671
4,238,743
3,738,283
5,427,646
1,878,561
1,674,426
2,802,435
2,593,913
2,281,38
1,742,496
5,347,258
4,210,670
5,319,170
1,456,30
3,651,251
5,182,196
2,722,194
4,162,975
2,69,127
2,616,757
3,951,113
3,71,102
4,306,918
4,226,513
5,807,148
4,986,604
4,91,447
1,942,584
3,698,247
1,479,507
1,698,258
2,372,234
4,494,801
2,225,46
1,98,766
5,262,434
3,904,888
5,612,223
1,863,284
5,888,976
0,726,222
1,659,669
5,128,814
3,439,512
0,906,526
0,729,259
2,717,787
5,160,263
4,768,295
5,282,365
2,882,579
0,737,653
0,929,467
5,143,112
4,505,559
3,542,305
3,281,636
3,726,275
0,762,194
2,722,358
4,976,412
1,979,855
0,588,665
0,949,146
0,140,310
1,113,268
2,150,382
0,116,868
3,963,430
4,174,263
1,400,629
2,981,676
2,481,492
3,299,85
4,533,609
4,131,67
5,956,431
3,457,401
2,437,555
5,481,359
5,60,921
5,376,17
2,513,96
2,919,310
5,14,391
3,111,344
3,928,806
5,635,312
5,35,763
3,769,567
4,610,386
2,4,123
5,284,993
0,470,84
0,269,220
0,587,198
1,372,318
3,91,816
3,945,763
1,411,72
1,43,304
4,412,947
2,862,727
5,120,402
2,560,406
0,33,252
5,489,96
0,253,628
5,842,785
2,468,430
5,714,611
1,819,20
2,438,985
0,479,885
4,714,58
5,658,941
0,53,737
1,812,449
5,516,679
5,577,42
3,213,718
1,254,839
0,974,157
0,126,689
0,976,350
0,979,465
0,974,568
0,333,383
4,339,913
2,908,397
1,425,114
0,223,919
4,144,365
1,661,439
0,17,203
3,452,624
0,358,817
2,134,919
4,425,564
5,634,208
0,650,532
0,264,149
0,88,772
1,549,811
2,3,445
3,815,178
4,358,929
0,753,964
5,967,380
4,584,4
2,937,878
3,691,537
0,844,809
4,419,672
0,288,73
4,942,488
4,435,670
4,250,148
0,790,981
4,186,444
5,437,464
2,260,296
2,383,974
0,881,938
0,238,958
1,330,712
0,371,851
3,7,618
0,749,405
4,596,166
0,511,430
1,434,958
3,664,881
0,467,848
4,224,567
4,990,979
5,486,668
1,952,444
4,994,843
2,138,676
5,841,221
2,813,774
1,415,500
1,513,490
3,798,244
2,513,908
2,397,343
4,670,900
0,432,236
2,285,332
5,827,230
5,230,464
5,235,952
2,618,910
5,787,995
3,699,335
0,769,485
5,816,175
5,767,777
5,985,319
0,130,22
0,202,516
1,371,76
4,494,560
3,844,570
3,928,586
0,947,877
2,830,113
5,865,375
3,710,133
3,948,876
3,413,724
1,734,765
5,970,789
1,130,545
2,573,699
2,670,914
5,391,836
5,4,955
2,42,664
1,252,409
5,738,485
2,1,693
0,342,61
5,213,964
2,162,567
0,559,377
3,970,531
2,50,611
3,422,750
2,486,726
1,129,470
4,667,575
0,850,658
5,102,186
0,294,278
4,15,78
2,652,11
5,325,751
2,200,754
0,706,986
4,567,211
3,519,430
1,110,405
5,4,681
5,978,724
0,581,946
4,221,139
0,310,525
2,893,805
5,672,422
2,688,600
1,319,837
5,617,324
3,818,842
0,569,932
2,337,563
1,700,96
4,896,275
1,811,479
3,372,760
5,721,383
3,614,454
0,471,525
5,761,820
3,416,174
3,477,549
4,230,434
0,785,205
5,542,6
2,139,219
1,550,486
1,352,815
3,265,790
4,713,23
1,514,727
1,951,862
0,122,29
3,749,329
3,207,822
2,520,178
1,478,116
4,418,290
2,795,106
3,737,525
1,457,580
5,843,522
3,80,106
1,378,177
5,411,787
1,234,209
3,848,7
0,291,565
3,238,322
4,718,976
4,844,24
1,548,452
0,959,384
1,225,215
2,410,141
1,61,833
2,798,329
4,501,62
0,645,407
0,460,110
4,343,554
4,193,71
1,26,907
0,255,653
4,475,879
0,93,393
4,506,459
0,931,324
0,725,382
3,895,22
0,590,25
3,906,336
5,470,443
3,413,677
3,597,431
3,724,661
5,632,271
1,33,785
3,654,89
2,847,487
5,733,67
0,85,279
4,962,64
2,876,655
3,150,119
3,557,340
3,25,877
1,980,127
1,221,232
5,459,157
4,155,330
1,28,660
5,195,725
4,36,361
5,998,833
5,98,259
3,233,468
3,147,992
0,98,320
3,957,370
1,148,213
1,528,171
5,556,767
4,921,724
4,102,223
4,371,263
4,776,562
1,700,169
1,701,490
5,138,818
1,651,416
3,769,777
3,209,764
4,444,946
4,760,609
2,102,21
3,509,807
0,629,139
1,762,160
4,214,256
2,101,82
1,832,480
5,588,115
2,169,243
1,148,949
2,122,940
4,51,789
3,122,189
5,896,277
3,563,463
0,552,384
2,590,940
5,953,489
1,61,510
5,520,434
3,89,526
3,680,350
4,850,401
3,924,118
4,943,385
0,229,594
1,996,925
1,202,31
3,464,986
2,849,438
4,434,635
1,28,881
2,86,474
1,133,861
5,119,814
5,526,716
4,881,946
2,882,32
5,92,623
5,741,951
3,589,257
4,692,424
1,76,397
5,362,227
1,626,430
1,988,469
0,984,529
0,627,801
3,577,169
1,649,641
5,975,592
1,193,740
1,867,686
3,420,686
1,365,508
3,853,661
2,868,994
1,629,142
5,571,278
2,624,627
2,946,87
5,800,260
4,928,202
2,955,605
3,957,517
0,518,361
3,932,366
1,132,602
4,883,339
0,687,7
1,604,989
1,262,874
2,747,162
0,629,866
1,31,447
5,344,396
5,330,237
0,708,818
0,939,434
2,819,606
5,235,58
3,700,779
0,931,102
3,381,206
4,588,690
3,305,933
2,766,751
4,884,300
0,301,974
2,656,255
0,746,465
2,966,916
4,358,255
5,258,568
2,657,48
1,697,246
5,703,2
5,943,5
4,418,180
5,850,418
0,183,331
5,708,17
1,615,82
2,974,755
1,0,177
5,747,79
2,117,797
3,488,530
1,73,318
3,922,396
2,481,867
4,817,271
0,581,165
4,203,77
0,311,577
5,258,838
5,78,321
1,632,16
2,622,258
4,437,914
4,748,140
4,470,738
4,480,357
2,731,55
0,118,758
2,210,331
0,496,766
5,874,245
3,784,454
3,994,241
5,12,824
3,775,554
2,311,57
2,500,171
1,340,418
0,312,70
5,549,711
3,922,622
2,869,947
3,805,615
0,309,554
3,626,473
3,263,856
5,640,183
0,315,831
0,487,435
0,168,568
1,786,885
0,74,458
1,305,458
3,166,236
2,551,863
1,992,709
2,456,998
3,518,165
0,217,262
1,92,704
3,151,811
5,366,342
2,73,950
0,207,571
1,183,129
1,889,6
1,982,552
4,270,115
0,339,160
5,449,473
1,874,239
0,58,235
1,157,6
1,750,201
0,211,344
3,26,126
0,857,427
5,734,178
5,924,708
4,330,479
3,356,528
4,468,32
4,236,779
4,626,839
1,322,438
3,631,682
4,580,94
1,197,42
0,514,728
1,842,295
1,419,830
1,849,72
2,582,784
4,239,731
1,685,74
5,85,444
4,747,513
5,269,403
0,689,909
4,667,89
0,974,739
3,94,92
4,186,237
1,603,48
3,44,33
3,725,809
4,328,832
4,816,928
2,575,952
1,123,789
1,139,427
4,308,430
3,543,995
0,708,201
4,173,695
3,340,56
2,821,382
4,246,43
2,399,306
5,741,366
2,126,839
0,961,833
1,680,905
1,681,437
1,869,621
1,868,503
3,497,95
4,330,200
4,858,753
0,622,856
4,612,861
2,249,962
3,892,317
1,907,545
0,251,408
5,806,232
0,381,232
1,344,584
1,198,380
2,472,804
1,426,809
2,806,600
5,548,872
4,322,331
3,851,431
0,570,847
4,370,744
5,848,862
4,824,224
2,99,52
3,13,693
4,782,323
3,232,542
2,178,993
0,613,801
5,874,45
3,670,611
1,558,57
0,351,510
2,956,675
3,672,830
3,678,52
1,93,139
3,620,146
5,841,833
4,884,151
1,667,19
3,82,75
4,513,950
1,242,342
4,543,102
4,556,381
0,843,282
0,79,492
4,107,145
0,645,941
3,787,560
4,872,636
4,318,115
0,868,491
3,619,676
2,393,135
0,810,515
4,804,254
0,541,643
2,452,23
1,410,714
1,164,935
5,185,23
5,353,619
1,112,982
2,754,206
1,61,698
5,858,325
1,496,674
0,931,538
0,939,168
5,885,392
2,359,1
2,568,86
1,751,323
3,330,310
4,300,825
5,258,553
4,271,437
3,348,494
4,616,251
1,519,951
5,940,308
0,218,402
4,112,429
0,815,442
0,955,903
5,945,395
5,783,548
1,527,436
2,204,908
2,586,27
0,660,847
2,25,799
4,61,683
0,626,77
1,246,733
1,993,798
2,525,672
2,832,894
5,105,249
0,916,772
1,434,864
4,545,87
2,721,643
3,604,908
3,490,413
2,799,591
2,651,284
1,851,411
5,60,860
4,62,629
5,64,586
4,103,526
0,947,413
4,556,597
2,580,382
2,958,417
5,697,542
3,251,842
3,927,508
0,12,403
3,725,259
1,747,860
2,81,910
5,746,457
4,690,341
5,151,81
5,231,582
3,132,209
1,53,61
4,747,419
1,369,35
0,422,193
4,621,534
5,345,944
2,699,658
4,458,441
3,565,593
1,176,28
4,954,906
1,535,8
1,744,334
4,80,959
4,614,505
1,760,372
4,165,643
5,466,978
5,757,776
4,793,387
4,802,642
1,659,894
0,281,944
0,902,32
1,172,624
5,95,175
3,333,371
3,289,303
3,410,580
5,464,959
0,257,974
4,132,254
2,535,723
5,244,961
0,142,608
2,949,387
1,339,53
0,854,647
1,848,256
0,852,135
5,631,768
4,341,566
5,928,562
4,243,740
0,743,405
3,942,397
3,935,923
4,114,309
5,778,219
3,786,211
2,61,702
1,768,74
1,791,888
1,692,292
2,447,933
1,444,903
3,374,28
2,588,536
0,23,129
1,998,872
3,30,543
2,302,618
1,396,51
1,821,459
4,341,877
3,584,275
3,456,1
3,850,58
4,719,60
1,955,609
3,861,236
5,689,585
0,98,418
4,964,539
0,85,236
0,869,505
0,624,128
1,603,728
4,759,508
2,681,949
4,340,389
4,7,113
3,188,920
4,923,9
0,829,262
0,145,304
2,300,500
3,858,555
5,556,85
4,272,267
5,931,611
1,129,913
3,717,276
3,267,189
3,142,907
0,39,880
0,552,308
4,608,577
5,464,990
0,101,981
5,918,379
4,995,394
1,882,320
1,377,135
5,646,639
5,342,280
3,564,386
0,950,926
5,136,883
1,697,165
0,976,525
5,90,534
0,310,681
2,974,169
4,803,263
4,709,298
2,550,368
5,457,683
2,307,465
4,360,270
2,890,688
0,954,120
4,307,356
2,159,623
0,468,621
2,951,676
1,457,629
0,333,629
5,547,637
4,106,163
1,101,421
4,322,860
4,546,222
5,582,21
5,955,22
5,953,254
3,279,948
3,251,287
3,527,451
1,894,772
5,317,962
1,509,340
1,119,454
1,106,645
1,649,989
3,342,230
0,473,886
5,445,45
0,697,866
3,959,681
5,341,650
0,385,136
4,927,899
1,652,906
5,19,967
2,885,191
0,620,372
5,331,47
5,836,663
5,414,293
1,581,683
4,177,638
2,43,555
5,140,478
4,537,248
1,215,967
1,941,279
5,943,427
2,604,598
1,86,90
3,493,175
1,701,288
5,639,302
0,41,56
2,421,215
0,353,869
3,997,72
5,631,512
1,137,325
5,402,827
2,587,46
2,353,304
1,833,715
0,985,56
0,416,501
4,555,679
3,39,360
1,468,293
1,800,742
4,615,409
5,451,319
0,787,138
4,563,154
3,466,587
2,742,694
5,693,168
1,418,222
0,129,737
4,504,812
4,774,765
2,78,179
1,264,24
1,75,360
4,716,969
1,109,340
5,420,508
1,369,877
2,993,213
3,630,635
2,16,754
2,743,352
2,253,869
3,923,819
3,483,665
2,251,448
1,366,635
4,587,323
4,974,553
1,838,812
4,855,306
5,220,993
5,200,811
1,824,487
2,310,374
0,965,621
2,277,219
3,869,628
3,250,604
2,66,176
3,727,770
2,91,331
2,678,843
4,603,909
3,796,652
2,608,415
1,309,128
3,158,70
4,607,223
5,51,835
1,446,287
1,312,975
1,374,512
3,823,406
0,707,316
5,450,273
2,164,947
5,213,612
5,961,30
2,132,6
4,631,450
4,100,161
5,420,509
4,552,550
1,745,142
2,934,835
0,394,210
4,399,949
1,164,298
0,220,135
1,750,368
5,999,419
0,906,903
2,918,74
2,53,452
4,474,514
2,50,611
2,621,569
0,671,185
3,182,769
2,655,421
4,972,490
3,161,912
2,422,152
1,265,644
2,327,354
4,261,716
4,115,839
1,182,545
1,937,374
4,423,364
5,518,522
3,290,842
5,337,649
2,906,860
2,529,900
0,716,91
2,817,527
3,700,127
5,140,212
5,295,471
5,382,662
3,782,542
3,777,137
3,271,123
3,990,656
3,90,792
5,466,662
3,658,728
5,484,584
4,87,216
3,809,834
4,347,101
2,112,528
4,481,733
4,992,315
4,599,809
4,582,140
4,348,172
3,759,758
5,678,90
2,827,792
4,428,788
2,675,120
0,487,552
5,763,377
4,676,622
2,800,15
2,652,137
2,801,142
0,118,193
3,601,18
0,886,676
3,317,239
1,883,856
5,572,855
1,151,236
3,701,672
5,497,764
4,9,117
5,507,920
2,668,335
0,187,393
3,952,722
0,434,170
4,264,212
1,53,392
3,813,836
2,898,175
0,398,245
5,845,276
3,550,17
0,95,663
4,409,795
5,131,594
2,292,937
4,818,535
0,453,265
5,950,229
3,244,845
0,436,888
2,399,717
0,436,236
1,920,945
3,334,120
4,293,490
1,533,651
4,432,21
3,539,999
1,444,742
0,320,702
4,315,472
0,408,540
4,69,521
4,779,556
2,292,130
0,646,966
1,457,142
4,712,671
4,270,167
2,304,374
3,172,448
2,703,899
0,773,765
5,313,132
1,562,817
2,818,988
2,702,434
5,376,512
3,734,218
3,536,872
1,464,588
3,407,621
3,197,711
4,492,137
2,820,735
5,105,323
3,995,659
3,136,848
1,946,514
2,57,755
3,754,338
5,896,917
4,663,221
1,450,180
2,343,559
1,224,220
5,720,106
1,691,898
0,392,654
1,239,454
2,318,158
1,881,949
2,428,57
2,418,731
0,189,741
4,487,110
1,510,511
3,725,679
0,859,356
4,502,956
5,617,420
1,398,851
5,397,721
0,689,523
5,286,63
5,995,555
2,158,796
4,261,514
4,294,341
5,770,13
1,526,560
0,869,115
0,483,476
2,358,654
4,132,8
4,672,487
1,366,373
5,860,677
4,185,726
4,849,567
2,204,199
1,769,60
4,220,782
0,823,248
0,372,154
5,333,242
2,828,252
3,981,754
1,611,835
4,620,677
0,130,728
0,465,893
3,485,65
2,928,678
5,229,468
5,755,468
0,342,371
4,853,720
0,589,25
2,111,512
5,586,886
4,54,169
0,626,532
3,355,644
5,330,10
2,611,533
2,574,929
1,656,195
0,589,490
2,402,913
5,947,427
2,747,577
1,890,718
0,624,70
2,615,825
2,931,300
0,979,654
4,433,112
2,690,979
5,635,391
3,967,780
5,468,604
5,767,746
4,75,879
1,525,738
4,305,36
5,877,576
1,358,502
3,73,862
3,450,739
0,535,466
0,957,589
0,657,620
0,960,151
3,199,526
5,623,111
4,588,511
0,694,623
1,490,588
3,946,242
0,146,850
1,988,617
5,452,457
2,269,861
3,184,794
5,582,539
4,893,286
4,431,35
1,378,188
5,316,874
2,622,574
5,726,66
3,28,910
3,167,834
5,848,487
2,325,947
5,847,403
5,770,994
1,770,113
1,612,861
1,586,675
4,172,480
3,395,634
5,94,653
0,512,710
2,74,357
0,920,94
5,728,626
3,722,985
1,927,411
5,790,151
1,71,831
5,848,592
3,596,148
4,12,786
2,809,520
1,314,162
1,832,221
0,695,45
0,132,110
2,842,666
0,626,237
3,226,943
2,757,987
3,694,627
3,12,1
1,556,529
1,632,908
1,701,422
1,912,92
3,120,647
4,785,67
1,673,76
0,210,777
3,191,387
5,725,892
1,313,787
1,412,851
3,953,703
3,252,847
0,214,29
4,818,990
3,191,868
4,802,436
3,738,570
2,610,533
0,656,450
4,86,397
2,400,230
5,538,989
5,797,296
4,696,738
5,707,346
1,334,335
3,540,21
5,939,862
5,943,53
0,150,240
1,354,688
2,260,417
0,303,652
2,383,320
0,175,608
5,839,798
0,582,670
1,64,620
4,304,516
3,847,707
5,765,493
1,449,147
4,97,380
4,31,925
0,360,561
4,373,197
1,817,369
2,861,691
5,406,542
1,730,433
0,524,240
1,400,995
2,622,129
3,391,561
5,916,733
1,604,728
5,229,981
3,41,965
2,341,920
0,849,944
3,505,731
3,550,271
4,496,153
0,493,251
4,916,491
3,77,414
5,340,585
5,356,853
2,890,772
0,874,199
0,964,175
0,78,807
3,384,696
3,786,826
0,406,343
3,367,736
0,709,392
2,462,690
5,252,401
5,424,502
5,867,655
3,718,437
3,949,222
2,884,893
5,723,579
1,884,556
3,352,163
4,679,893
1,783,727
3,115,620
3,267,305
2,884,943
2,230,885
4,287,241
5,587,103
1,432,51
5,603,464
1,131,655
4,657,436
1,984,59
5,40,371
5,654,894
3,761,503
4,359,258
4,548,384
0,363,536
2,260,191
2,665,488
0,312,901
5,966,670
5,451,132
0,206,690
3,227,986
0,873,332
5,822,692
5,22,887
2,835,786
2,717,839
5,377,995
0,469,282
2,976,832
3,629,27
4,789,606
5,645,375
3,162,998
5,498,268
2,117,241
2,833,805
3,959,998
4,888,850
0,539,285
1,731,641
1,560,361
1,25,547
0,297,270
2,329,764
5,985,719
2,129,395
3,988,45
1,919,712
1,884,824
4,224,541
5,527,69
1,479,437
4,294,17
3,80,900
4,465,905
5,316,45
2,759,775
2,546,533
1,990,218
2,633,543
4,977,932
0,351,779
1,804,297
1,723,293
4,345,95
4,308,368
0,93,238
1,427,783
0,238,892
0,64,161
0,469,79
1,737,909
3,778,650
4,379,950
5,559,608
2,40,638
5,935,617
0,140,88
5,566,150
3,682,793
2,213,514
4,719,748
3,74,719
4,39,165
5,236,474
3,86,125
0,991,700
3,945,186
3,367,626
0,15,961
5,504,408
4,827,254
2,429,270
3,121,833
3,283,840
5,778,630
3,210,793
2,33,451
4,800,797
4,341,226
2,601,207
1,263,790
5,980,93
1,552,339
5,470,816
4,720,8
5,23,197
4,751,511
1,543,23
1,712,794
2,109,471
4,115,693
1,615,684
3,301,593
3,826,10
5,441,259
3,446,404
3,184,724
1,547,530
1,205,796
4,22,392
5,3,340
4,319,56
2,440,275
5,302,119
1,776,100
3,13,259
5,944,943
2,333,313
4,313,478
0,876,694
3,54,130
5,199,14
4,8,643
0,107,754
1,403,566
2,326,233
5,612,559
0,394,114
5,879,68
3,314,69
0,147,898
3,545,321
2,349,595
3,826,81
3,91,705
0,888,84
4,708,826
5,906,716
3,710,492
5,621,22
1,306,94
0,153,587
0,641,691
1,948,782
0,933,914
3,283,167
4,364,319
0,106,732
2,380,875
4,707,874
5,953,745
5,794,987
1,133,748
4,349,23
3,135,10
3,880,527
2,36,559
4,917,776
3,213,974
1,872,419
3,164,520
5,620,931
2,985,388
2,797,44
1,417,597
0,596,60
1,577,358
4,475,50
5,173,68
5,124,593
4,842,258
4,560,295
1,453,400
4,299,444
2,904,172
0,194,122
5,536,905
1,92,908
4,805,699
0,563,293
3,518,277
0,653,156
4,430,614
2,897,15
5,649,7
5,869,969
5,866,944
3,425,222
3,3,162
4,942,868
3,604,426
1,93,434
3,176,553
0,282,940
2,237,188
1,926,263
0,161,95
4,951,448
1,41,879
5,555,243
5,205,521
2,111,417
2,233,330
3,258,602
2,922,979
5,712,799
2,110,504
4,8,888
4,144,791
4,516,291
0,212,257
4,216,296
4,553,841
2,469,978
0,659,78
5,312,802
2,71,650
5,921,334
5,652,831
0,557,685
5,518,790
5,801,902
4,450,736
3,690,916
1,599,819
2,742,632
4,417,222
1,665,108
1,119,11
4,367,849
4,191,397
2,257,862
0,487,548
4,652,756
5,746,48
2,769,625
3,139,432
2,518,133
3,430,166
4,244,837
2,111,136
4,617,367
5,976,909
3,184,554
1,779,304
5,215,77
3,870,869
0,899,922
2,422,817
2,225,68
0,389,813
3,731,49
5,927,636
5,3,374
1,871,407
0,738,112
0,931,466
4,825,196
1,5,575
4,893,134
0,522,740
2,225,453
1,164,628
3,680,643
5,720,466
3,467,74
1,765,618
0,108,92
4,805,105
3,69,779
0,202,924
3,197,327
5,426,258
3,16,286
5,473,616
2,846,223
2,982,161
4,402,211
2,690,637
0,351,982
0,887,434
5,418,382
3,801,609
3,22,68
4,277,291
1,333,253
2,929,857
1,11,603
3,889,371
3,40,586
4,905,291
3,455,454
3,614,225
2,517,100
3,178,988
1,86,465
0,352,142
3,917,906
5,921,550
2,461,713
3,277,980
5,265,486
4,523,66
3,679,209
5,22,415
0,447,8
3,75,218
0,434,963
3,149,26
0,876,776
1,43,886
1,160,194
3,380,665
5,54,520
2,436,462
4,583,507
3,456,635
4,894,427
3,804,619
5,272,269
0,710,656
1,176,937
2,235,187
4,535,805
3,661,936
4,376,857
4,527,56
2,293,531
5,215,990
4,227,129
5,473,351
3,882,876
5,484,500
5,966,680
3,89,102
1,832,96
1,656,96
3,240,971
5,549,388
2,545,930
4,109,963
1,776,956
2,339,914
0,321,666
0,124,555
2,749,308
3,724,314
4,346,687
4,943,12
0,733,506
5,293,260
0,549,670
0,956,55
2,840,379
1,954,295
1,63,486
4,190,859
3,626,472
2,261,686
1,729,931
1,202,499
3,5,518
3,687,179
4,110,960
5,219,506
3,361,292
1,444,909
5,854,168
4,426,490
5,123,495
1,558,415
4,144,79
1,482,404
3,121,55
5,172,907
5,485,113
0,478,933
3,93,742
2,87,843
0,976,647
2,477,349
2,507,601
3,439,105
3,524,419
4,507,753
4,302,716
3,896,210
0,870,672
3,351,608
4,614,283
3,392,301
5,344,548
5,984,613
0,70,450
2,169,237
2,907,404
4,498,677
2,31,371
2,370,122
3,939,697
1,651,987
4,411,883
4,895,114
2,972,424
5,99,272
1,806,944
3,931,454
2,763,190
2,823,790
5,521,958
2,113,311
0,759,961
4,952,959
0,847,884
1,945,801
5,666,39
5,477,134
2,995,384
0,380,776
1,701,415
0,53,298
3,110,937
3,431,202
4,451,518
3,806,484
3,963,103
2,629,911
0,106,547
2,773,811
5,599,634
5,15,60
0,340,941
2,580,83
0,540,94
1,92,908
0,705,424
4,675,763
0,397,411
2,332,410
1,701,717
4,869,158
4,375,188
1,282,866
0,545,149
4,599,165
1,344,23
3,520,848
2,19,473
0,175,631
1,465,671
4,640,239
3,753,349
0,40,289
5,841,234
0,215,926
5,635,3
2,101,383
1,386,447
2,221,162
4,416,824
3,500,376
5,668,642
4,998,107
0,574,576
3,228,549
3,633,57
5,359,562
3,765,169
2,864,654
1,866,397
0,958,79
2,380,399
2,465,881
3,755,358
3,673,730
4,289,588
1,420,838
1,704,29
0,222,544
0,701,38
1,145,328
4,831,345
5,838,600
3,492,44
5,545,364
1,121,869
3,513,764
3,416,795
5,377,201
0,193,531
5,188,793
4,514,728
1,476,702
4,738,718
5,953,484
0,170,925
0,983,651
2,248,289
4,282,274
4,96,30
3,479,622
5,179,234
2,130,609
1,559,641
4,927,118
1,907,354
5,633,567
0,828,557
5,818,972
5,87,521
1,157,788
0,550,300
5,998,127
5,614,801
5,558,99
2,31,643
1,559,804
5,295,373
3,518,760
5,663,637
4,656,28
5,251,182
0,8,473
1,637,104
3,153,296
0,913,505
0,264,365
5,798,259
3,53,5
2,390,131
4,6,122
2,653,429
5,655,728
2,262,170
4,935,965
4,594,207
0,26,310
0,168,834
4,387,658
4,486,172
1,656,9
4,70,888
3,699,760
2,25,235
4,610,420
4,376,503
1,6,503
1,374,624
4,807,243
4,502,323
2,882,744
3,91,264
3,558,283
3,742,573
0,69,687
1,244,664
1,379,921
5,510,948
4,363,702
1,364,636
1,795,776
3,608,974
0,513,627
3,182,249
2,446,227
5,535,748
1,168,245
3,853,46
1,166,420
4,437,629
4,4,659
2,287,313
0,354,616
5,560,329
1,718,455
4,615,897
2,258,971
1,811,646
5,651,889
0,765,865
5,713,115
5,842,371
2,298,627
3,102,944
3,649,211
0,45,103
4,98,959
0,296,923
4,526,272
2,527,977
2,825,724
0,782,986
1,782,70
0,464,715
4,488,902
1,248,507
1,213,682
1,622,287
5,737,191
3,215,299
4,285,939
1,428,920
2,533,723
2,242,133
0,958,731
0,691,15
5,785,235
5,646,528
0,450,604
0,552,721
2,291,152
0,768,739
1,80,875
4,81,43
1,405,246
2,581,478
3,943,832
0,844,458
4,255,733
1,161,468
4,824,68
1,61,952
0,659,407
0,570,151
0,207,885
0,312,904
0,876,166
5,626,783
2,372,570
0,236,441
5,383,91
2,75,276
1,599,415
5,235,655
0,227,212
5,657,903
3,427,112
3,852,893
3,284,65
4,261,146
4,242,286
5,94,539
3,469,670
4,980,332
3,680,24
5,909,12
4,573,879
1,580,214
3,766,114
5,422,853
5,353,761
3,155,217
1,868,425
0,794,878
0,611,177
2,486,943
1,807,654
0,462,53
2,429,93
4,551,146
0,424,229
0,428,110
4,987,954
3,22,154
0,447,867
3,172,271
3,211,611
3,970,742
0,942,778
5,268,294
4,571,169
1,247,295
5,29,908
1,202,451
3,564,473
5,83,677
4,173,351
5,444,954
0,498,603
4,469,884
0,423,221
1,709,133
1,697,928
0,440,791
2,410,148
4,802,940
0,350,521
2,356,305
2,463,31
2,301,940
2,527,602
1,818,323
2,58,716
4,874,824
3,829,222
5,866,781
1,745,196
4,395,723
2,655,28
0,415,26
0,801,992
2,872,748
5,653,476
3,896,347
1,300,142
3,997,211
2,366,949
2,573,975
1,683,911
3,361,152
2,942,266
5,611,452
5,332,7
2,630,879
3,446,548
2,346,276
0,17,884
0,789,827
3,477,670
1,502,185
4,963,58
1,97,672
2,627,313
1,29,595
5,669,982
5,275,32
0,628,299
4,948,911
5,792,405
4,897,460
4,208,844
0,435,30
5,99,602
0,233,408
4,405,10
4,324,202
1,457,387
1,926,680
5,129,714
5,42,246
5,368,432
0,552,93
3,254,497
1,226,416
4,372,528
1,369,899
0,809,323
1,601,362
0,644,396
5,73,608
5,961,458
0,121,745
0,350,690
0,715,489
4,69,306
2,931,579
5,66,295
1,252,387
2,31,354
2,769,37
0,173,624
3,714,800
2,932,538
4,700,318
3,989,557
4,250,334
4,189,604
5,533,56
3,401,800
1,732,277
2,789,959
0,579,353
1,88,702
4,912,737
0,675,834
4,457,669
4,570,217
5,643,215
4,24,740
3,637,187
3,287,24
1,249,891
0,267,481
0,48,401
3,521,760
3,634,978
3,931,653
1,860,149
1,850,994
0,764,117
5,292,854
0,946,173
2,203,918
4,318,143
5,112,498
3,819,641
3,233,56
1,516,435
3,222,295
1,184,175
0,232,224
5,893,95
5,70,402
1,459,400
0,495,61
5,930,227
0,134,701
4,846,715
5,454,126
2,556,679
2,37,628
5,738,851
3,449,66
1,764,474
2,619,423
0,59,908
5,563,333
3,149,554
1,167,822
1,885,670
5,458,939
2,146,177
2,435,819
4,747,875
3,739,644
2,864,997
1,272,422
3,369,77
5,197,571
3,906,842
0,881,656
0,929,441
2,109,702
3,207,194
3,411,734
3,858,509
5,619,179
2,860,329
3,707,77
1,219,155
1,514,274
4,990,228
2,390,135
2,802,897
5,394,957
3,199,651
1,814,158
4,889,924
0,244,49
3,397,194
3,824,160
0,959,435
1,36,779
4,393,564
0,652,846
4,804,869
1,557,440
2,783,351
5,678,436
4,592,58
3,515,352
3,423,121
2,495,450
2,458,104
0,293,101
2,83,543
3,304,523
1,897,998
4,384,458
3,154,846
5,918,333
2,16,256
4,250,405
5,294,629
0,408,780
5,218,799
4,227,979
3,745,847
2,281,425
5,671,613
4,980,743
2,148,50
1,133,184
5,443,196
2,663,979
4,139,933
1,724,45
4,720,599
1,617,959
5,780,505
2,109,344
5,304,736
4,519,659
5,373,114
5,872,351
3,3,5
4,467,158
2,767,385
4,903,743
1,94,610
4,717,944
2,131,103
1,460,875
3,387,358
5,252,255
0,933,467
4,357,456
5,516,677
2,700,31
2,505,467
0,712,897
0,621,264
0,413,26
4,561,349
2,129,29
2,422,756
4,809,141
1,759,945
5,248,200
1,168,906
1,885,601
3,465,894
5,728,234
3,889,286
3,682,600
4,50,741
4,176,553
5,354,698
2,253,571
5,416,446
1,135,877
1,919,799
5,409,652
4,900,341
3,84,281
1,312,796
2,193,336
0,738,56
5,327,63
5,499,955
3,121,407
0,574,927
3,325,11
1,742,334
0,258,596
1,223,755
1,295,666
2,558,751
2,679,15
2,898,266
2,56,521
1,555,320
5,314,672
0,478,75
1,570,919
0,214,129
0,255,743
5,524,116
4,251,587
3,844,113
3,366,224
2,852,318
2,132,775
4,42,659
4,614,535
2,897,467
5,355,439
0,77,745
1,376,93
0,351,525
4,191,199
0,461,861
3,601,312
0,168,129
5,983,672
0,785,618
3,230,503
4,97,541
3,380,588
1,992,541
2,389,56
3,396,614
4,335,510
2,493,426
2,613,771
3,283,686
3,296,319
3,145,529
1,799,904
2,884,630
4,848,823
1,415,868
5,477,551
5,214,757
4,22,979
0,171,184
4,244,997
1,333,399
2,63,44
5,312,933
2,700,441
3,345,124
2,45,336
2,789,566
2,716,787
0,747,401
2,111,176
0,280,747
4,884,52
5,174,188
2,56,715
0,19,594
5,805,872
0,965,643
2,99,428
4,575,956
1,75,628
3,867,394
1,718,386
5,982,924
0,655,591
1,4,414
3,822,173
4,353,590
4,85,852
1,977,648
5,488,669
5,314,757
0,37,273
2,395,333
3,293,134
4,10,506
3,420,844
4,315,569
2,47,826
1,727,868
1,75,475
5,817,95
3,798,928
3,584,252
3,356,201
3,733,971
4,690,75
2,289,615
0,225,155
4,208,718
1,104,616
5,919,651
3,573,247
4,336,780
5,833,941
3,882,571
2,937,400
1,254,941
5,919,744
3,916,507
0,384,29
3,743,67
1,966,456
0,203,432
0,767,244
1,926,72
0,845,826
4,463,975
1,967,15
1,143,894
3,142,371
5,49,914
0,828,3
5,141,847
3,107,206
2,411,87
4,270,8
0,766,391
5,2,691
3,851,133
3,941,827
2,243,617
0,658,314
5,610,642
3,939,177
4,666,200
4,946,36
0,733,646
0,211,345
1,935,866
4,115,927
4,83,875
1,584,589
3,502,478
0,432,725
3,30,134
3,984,968
3,253,236
4,204,810
3,61,263
2,888,133
3,953,189
4,197,214
5,68,582
1,115,155
4,235,44
2,513,89
3,726,511
0,818,208
1,237,373
5,2,667
4,447,877
0,463,607
3,628,998
0,886,732
4,19,807
0,727,657
5,402,73
4,480,77
2,887,122
3,840,542
4,871,126
0,878,895
0,270,53
3,62,694
2,433,160
0,816,132
2,909,555
0,542,315
4,235,404
1,731,669
3,251,94
5,240,721
3,105,848
0,571,213
2,428,193
0,239,467
3,169,206
5,239,864
2,948,323
1,570,929
4,87,706
4,164,898
5,555,293
0,172,801
5,923,607
0,205,646
1,337,13
4,801,265
0,15,1
5,528,951
2,961,901
2,461,894
3,631,62
0,160,280
4,113,692
1,307,987
1,120,207
5,928,748
2,916,147
0,465,431
1,520,416
1,298,382
3,113,825
5,911,215
3,201,212
5,325,111
2,9,74
0,558,532
0,82,778
1,965,513
5,586,256
2,101,341
1,244,584
4,973,409
4,947,217
3,227,771
1,830,94
3,471,325
2,725,758
2,177,283
3,986,411
2,528,768
2,348,159
4,870,403
1,994,230
0,253,93
4,629,507
5,915,478
1,781,239
4,758,260
4,938,358
5,171,382
2,211,197
1,154,35
3,136,372
1,298,820
3,485,323
1,913,13
3,64,254
1,973,69
3,828,601
2,958,345
5,480,255
1,512,698
2,751,372
3,420,163
5,866,60
2,762,519
4,944,769
0,772,651
5,687,119
4,375,640
4,320,373
5,475,799
1,892,685
1,319,261
2,195,551
1,817,450
3,706,576
1,572,80
5,469,468
0,873,236
3,555,121
5,136,901
5,40,279
5,301,604
5,547,991
0,243,674
0,467,17
3,173,770
1,929,339
2,279,437
5,282,479
1,982,56
0,361,943
2,669,753
2,62,933
1,312,651
2,385,625
0,640,816
0,932,260
1,865,803
3,94,514
1,650,268
2,740,391
0,978,251
4,828,618
5,935,943
1,669,488
1,116,560
2,159,787
4,319,295
1,324,150
0,437,245
2,494,268
0,829,746
3,287,679
3,27,798
3,450,881
1,554,763
4,618,631
5,111,178
4,223,41
3,61,194
1,860,553
3,293,713
3,90,636
0,20,688
5,63,623
4,425,125
4,289,618
2,665,731
2,197,583
0,371,222
1,497,597
3,763,193
3,107,130
5,525,690
3,75,974
2,607,854
4,678,345
3,129,25
5,34,960
4,478,95
1,601,187
1,756,305
3,868,414
2,872,297
0,75,314
3,657,269
4,647,923
5,738,145
3,765,795
0,797,625
4,859,563
0,216,329
4,406,252
1,419,749
5,773,672
2,760,207
0,604,380
2,723,55
5,224,667
4,874,599
3,276,353
3,747,125
3,950,78
4,536,506
2,861,397
0,650,516
2,704,345
3,462,742
0,640,196
1,85,950
2,236,627
4,760,391
1,741,465
4,905,190
5,289,212
5,199,63
1,785,55
0,155,39
1,756,907
4,77,80
1,945,538
2,556,585
5,538,947
3,305,647
2,967,399
4,596,647
2,521,907
0,162,25
4,979,880
1,18,695
2,563,511
5,831,595
2,453,436
4,926,660
1,71,734
3,270,885
0,12,916
4,384,19
3,373,329
0,843,379
4,880,930
5,161,293
5,344,446
2,216,832
1,226,994
2,42,677
4,436,873
2,413,819
5,43,768
0,664,277
4,552,976
1,139,36
4,178,9
4,541,61
3,1,530
3,183,503
0,283,62
2,713,972
4,277,337
2,903,55
1,603,684
4,974,678
4,76,305
0,422,582
3,230,252
3,877,449
0,311,1
1,136,871
2,444,376
1,92,189
0,798,477
2,590,681
0,592,669
1,478,275
3,105,51
0,357,263
2,567,219
1,898,450
2,741,627
2,851,86
4,365,831
5,63,777
0,724,14
0,714,391
0,198,560
2,288,596
4,803,663
1,970,489
0,950,153
1,18,261
2,314,420
4,251,895
2,569,865
1,289,837
5,175,612
3,840,960
3,173,797
4,778,971
2,750,905
1,619,183
1,537,717
4,666,231
1,811,636
3,538,424
3,968,938
1,192,363
4,388,97
0,176,443
1,939,700
2,851,586
5,279,987
0,527,903
2,369,135
1,954,414
3,73,505
1,70,221
2,293,943
1,477,352
5,898,283
3,82,474
3,524,683
3,43,445
5,680,377
1,543,115
2,902,376
5,390,841
1,263,953
2,54,505
4,804,884
0,405,301
3,134,596
2,992,613
2,709,115
3,233,630
3,319,120
2,692,785
4,242,709
0,545,591
1,128,545
2,299,63
3,780,866
3,780,459
3,173,858
1,320,552
2,422,548
0,9,508
4,52,605
4,703,312
5,579,575
2,133,973
1,31,311
1,492,726
3,369,48
0,792,25
0,593,777
2,265,145
2,167,823
0,60,346
2,684,965
3,672,845
1,687,737
1,311,884
5,993,978
5,618,930
5,489,62
1,210,851
2,999,372
3,123,854
5,456,16
5,462,171
5,495,412
1,301,709
3,42,754
4,362,474
0,709,590
5,141,17
4,884,276
5,259,129
5,263,573
0,265,813
3,175,839
1,916,73
2,621,769
5,809,198
2,406,639
4,552,723
4,315,851
5,510,90
0,273,642
0,796,793
3,623,724
0,448,827
5,304,793
1,947,639
3,851,775
2,172,82
0,807,697
0,624,626
2,572,725
4,168,580
4,240,171
1,305,188
2,985,216
3,787,6
1,603,661
1,453,705
0,225,76
1,889,670
3,115,594
3,335,324
4,629,694
3,545,463
1,875,425
2,275,976
1,483,554
5,491,69
3,953,526
5,656,246
2,275,768
2,459,837
0,803,392
1,908,845
3,784,745
2,46,857
3,491,509
5,599,674
5,19,514
4,540,287
0,471,442
3,588,852
3,842,701
5,442,83
5,8,87
5,230,207
2,341,957
1,849,652
3,242,478
5,349,390
1,642,823
1,525,329
1,303,553
5,449,83
5,126,31
2,117,977
0,613,555
4,724,363
1,66,602
0,625,192
3,93,396
2,891,800
3,173,651
0,469,448
1,316,374
2,549,558
4,981,602
1,164,623
0,339,36
3,728,584
3,109,645
0,526,54
0,231,876
5,979,266
0,791,897
4,166,668
3,532,509
0,43,658
3,673,711
1,207,950
2,880,531
5,637,105
3,41,526
2,336,891
1,938,435
0,570,383
3,651,72
3,914,81
0,654,175
0,504,127
2,355,74
3,962,910
4,970,883
2,171,448
0,235,160
3,844,327
2,425,948
1,662,486
1,734,856
3,233,456
3,680,501
2,694,340
1,280,351
4,515,768
1,367,78
5,26,308
3,324,667
4,687,709
1,547,214
3,289,913
4,406,409
3,467,774
4,241,38
1,181,541
0,694,644
1,191,112
1,584,545
4,406,877
3,295,143
4,147,512
3,88,149
2,362,909
3,882,394
4,300,456
5,753,561
4,285,578
5,886,250
3,82,37
1,630,698
5,813,776
4,77,985
5,816,495
4,732,743
1,647,267
0,890,442
1,484,14
2,433,926
5,994,605
2,728,772
4,246,894
4,475,463
4,207,364
5,383,774
3,14,341
2,794,261
5,708,285
2,643,871
2,60,331
1,560,21
0,788,168
2,600,632
0,146,713
0,143,463
3,881,285
5,917,951
2,171,236
4,705,910
4,535,921
5,702,483
4,160,727
1,103,503
3,612,191
2,319,536
0,556,503
4,668,997
2,765,842
0,446,558
2,98,154
2,615,325
2,30,436
2,171,2
5,940,808
3,898,170
1,483,265
2,791,327
4,260,235
0,645,133
1,680,709
2,745,227
0,597,44
2,914,441
5,612,307
3,358,621
0,366,970
4,248,936
3,965,366
2,249,146
4,844,308
0,204,557
3,995,257
5,81,166
2,542,532
1,107,702
1,415,163
4,255,140
1,341,483
2,125,385
4,776,99
3,616,62
2,435,739
2,353,501
2,64,950
4,540,350
4,772,369
0,508,130
5,174,509
0,278,815
4,964,626
3,158,194
3,607,761
5,495,943
2,357,989
2,138,487
2,683,418
0,892,321
4,356,944
0,672,983
2,732,574
2,376,576
5,470,969
1,632,949
0,532,416
4,53,107
1,289,949
4,114,545
4,700,329
5,800,832
3,995,196
1,636,308
5,684,335
5,557,320
1,450,426
0,687,607
3,505,320
4,556,701
0,388,599
2,819,387
5,630,149
0,96,630
5,698,450
0,31,721
3,374,884
2,336,61
5,170,886
1,808,857
1,90,547
4,673,681
1,345,297
4,44,267
1,627,979
2,897,281
2,55,82
3,303,790
1,189,157
2,945,331
1,701,196
3,246,430
1,923,611
3,799,727
2,479,672
5,486,654
3,163,158
5,138,449
2,339,432
1,90,102
2,973,43
1,699,935
4,151,935
3,574,784
5,241,458
3,347,503
0,665,795
3,881,851
0,997,551
0,897,431
5,782,456
3,366,60
3,653,379
1,609,267
2,552,668
3,600,691
4,287,731
3,355,762
1,480,534
4,812,570
4,983,700
2,902,315
2,48,239
2,728,442
2,172,860
0,602,85
3,341,628
3,2,214
0,178,643
2,326,684
4,392,756
2,110,577
2,502,135
2,200,393
3,896,448
2,621,585
2,639,80
0,117,457
1,470,99
2,825,822
2,958,864
4,585,451
1,782,333
1,33,340
0,272,660
1,679,852
3,334,687
2,562,314
0,867,425
1,836,896
3,8,24
0,738,798
3,282,721
2,956,500
3,818,485
4,811,971
4,109,648
5,632,770
4,703,794
1,609,385
5,735,742
3,403,957
2,487,262
3,117,557
3,563,953
0,835,287
0,216,356
3,491,569
1,206,47
3,811,832
5,25,627
2,754,337
2,934,43
2,58,761
3,284,954
1,409,763
2,863,47
5,93,398
4,341,539
3,95,502
3,702,899
0,441,156
2,488,791
4,651,496
2,422,511
2,369,450
3,432,302
2,635,644
2,584,780
4,305,134
4,78,368
5,849,885
2,489,85
3,769,662
5,806,81
4,147,187
5,266,830
2,760,147
3,519,412
2,929,755
5,249,182
0,704,456
3,709,518
2,930,430
2,607,585
1,678,616
1,209,720
4,537,379
4,999,639
1,719,311
5,593,119
4,330,97
5,264,626
1,338,427
2,44,637
2,794,935
1,860,69
1,978,300
3,6,713
2,27,29
4,982,108
3,889,572
5,918,595
1,659,813
0,720,64
2,822,81
5,196,560
3,913,177
0,26,941
1,885,101
1,950,971
2,40,860
1,912,631
5,4,727
1,175,869
1,129,952
4,230,666
1,40,57
3,476,701
5,22,762
0,474,675
0,637,499
2,5,829
5,779,336
5,13,634
2,378,557
3,915,28
1,394,323
4,759,962
2,521,35
1,754,184
0,266,107
5,471,579
5,814,941
1,577,271
0,760,516
0,225,212
3,951,181
1,618,407
0,899,842
0,249,302
0,975,472
0,123,144
0,55,603
0,899,148
1,753,554
4,87,351
5,597,330
3,570,945
4,487,631
5,323,643
1,919,902
3,780,951
5,702,939
4,211,380
1,905,661
4,495,743
0,678,811
0,63,379
0,23,9
4,226,218
1,730,429
2,208,765
2,912,31
4,890,184
1,891,820
3,47,483
2,21,484
2,661,660
4,304,743
0,437,982
0,753,187
4,61,593
1,212,186
4,183,546
1,946,537
2,193,627
4,824,305
5,6,893
0,500,162
0,499,667
5,15,140
4,64,199
0,577,697
1,64,623
3,149,554
4,691,514
2,692,344
5,194,275
5,498,373
2,387,949
0,314,787
0,242,272
0,423,493
3,118,473
5,723,183
0,383,802
3,840,887
5,131,58
5,949,471
4,406,194
5,772,644
3,499,811
1,361,362
2,497,239
2,500,553
1,219,543
4,889,962
2,968,437
3,303,902
5,838,924
5,592,587
3,664,462
5,12,606
0,38,567
3,704,637
4,380,767
2,111,85
4,162,168
4,770,299
2,392,22
3,421,424
3,626,482
5,889,808
2,323,752
3,241,824
2,429,222
2,31,511
3,488,341
0,409,875
0,476,577
4,364,622
5,123,92
5,543,794
2,538,588
5,628,252
3,755,815
2,689,258
2,150,750
1,581,242
5,632,569
1,712,50
4,804,107
4,123,970
0,291,16
4,684,20
5,726,928
1,310,656
4,900,254
2,139,724
5,328,547
0,681,921
1,479,97
2,488,659
3,205,830
2,100,846
3,56,868
5,914,635
0,86,935
0,399,373
1,484,78
3,164,496
2,966,423
5,821,292
0,210,623
3,930,624
4,904,642
3,515,949
2,314,687
2,304,223
4,451,938
2,574,873
2,594,749
4,573,40
2,836,324
4,973,929
5,80,721
0,290,808
4,560,822
4,92,781
0,785,978
1,852,390
3,561,796
5,754,755
4,833,488
3,131,853
1,756,329
1,31,333
4,384,758
4,392,138
5,951,557
5,465,226
0,801,400
2,176,742
1,614,56
0,847,989
0,453,567
4,330,813
3,379,458
5,250,115
1,958,880
2,299,194
4,271,861
0,201,726
5,637,456
0,970,297
3,425,159
1,726,537
2,266,390
3,336,551
3,201,954
0,835,395
5,996,74
3,634,278
1,266,597
4,52,130
1,686,673
3,736,151
1,855,17
0,474,673
2,122,849
3,917,41
0,989,952
1,549,889
5,474,560
1,89,374
5,607,4
0,302,225
2,608,696
3,712,376
0,610,960
2,740,462
1,210,976
0,367,435
2,989,753
4,668,703
1,228,608
2,641,557
2,924,350
5,335,577
3,450,281
2,106,399
2,835,782
3,851,229
4,137,308
0,741,110
5,359,352
0,448,390
3,849,368
1,502,88
5,529,146
5,677,174
3,557,779
5,378,534
2,999,80
3,994,55
2,590,785
1,11,913
5,458,707
5,386,153
5,259,219
2,720,349
4,946,831
5,927,591
5,750,104
2,388,947
2,67,445
1,33,260
3,13,230
0,868,182
0,259,169
1,4,294
4,461,112
2,888,300
4,364,839
5,936,650
2,317,595
0,893,579
1,622,818
2,118,452
0,48,551
0,301,533
2,783,656
5,865,122
2,909,534
0,764,458
0,432,557
4,282,6
3,224,788
0,789,341
3,78,195
2,134,24
1,955,678
3,683,829
4,128,672
5,849,570
0,270,175
3,110,461
3,762,677
2,595,843
3,725,830
4,387,185
3,915,516
1,195,729
5,884,420
4,883,208
2,829,729
0,529,500
0,155,949
1,515,26
0,826,621
5,29,873
3,986,138
4,423,763
0,919,537
5,749,226
4,74,88
5,72,4
0,407,300
4,161,508
0,538,481
1,199,684
4,141,107
5,467,679
5,190,823
4,946,996
0,586,408
2,416,2
2,133,6
4,28,333
5,660,168
5,507,385
4,874,857
5,631,288
5,180,12
4,279,409
3,543,882
5,128,776
1,253,184
5,366,532
0,436,388
4,213,545
3,607,877
0,807,438
5,562,243
0,294,335
1,958,218
2,752,463
4,667,605
2,907,497
1,699,577
1,939,586
3,464,896
1,903,447
4,926,92
0,892,232
4,784,847
5,278,271
0,384,424
3,479,101
5,676,478
1,346,810
1,660,923
1,709,33
1,48,722
2,797,431
5,625,67
3,642,340
0,839,898
1,671,833
2,769,633
2,842,400
0,950,55
3,230,75
2,507,817
4,106,168
4,511,41
3,996,412
1,238,980
1,547,408
0,69,402
5,911,575
5,757,458
3,759,415
4,972,11
3,830,249
5,69,956
5,718,10
5,175,236
5,719,738
4,47,296
4,602,936
4,239,455
1,140,512
5,893,210
2,7,150
4,786,778
5,23,110
2,955,972
3,970,805
1,535,882
1,430,663
4,688,965
2,648,208
3,765,853
4,187,693
2,872,399
1,519,3
3,524,727
5,333,858
1,36,587
0,949,961
1,43,375
4,921,401
5,631,544
0,201,52
5,844,384
3,312,716
0,860,87
5,990,823
2,131,740
3,599,988
4,520,559
5,130,872
0,840,413
5,877,716
1,451,590
0,103,57
1,128,445
2,797,51
4,93,909
1,416,379
1,608,672
1,579,573
1,592,850
3,297,376
2,972,498
1,334,818
3,447,801
5,881,703
3,757,609
0,419,411
2,183,690
4,187,990
1,536,160
1,594,784
3,971,608
0,24,598
0,340,355
1,863,160
0,510,551
3,194,478
5,918,980
5,908,725
2,72,640
2,124,988
1,195,426
4,848,484
3,612,205
3,830,809
2,707,338
5,913,614
3,330,904
5,548,292
3,32,269
0,787,671
2,617,789
1,575,402
3,526,433
4,11,191
2,833,343
0,925,137
4,452,922
3,92,966
3,774,59
5,456,673
3,690,157
0,939,233
5,420,75
2,612,635
1,634,837
3,662,49
0,826,757
0,866,886
2,358,180
1,289,28
0,617,974
5,557,168
0,154,418
0,731,881
3,299,516
1,498,347
2,348,831
0,539,172
0,615,101
5,672,252
0,340,596
3,864,964
1,861,199
2,56,641
5,939,842
1,848,676
5,100,452
5,335,571
3,867,579
4,41,378
5,47,917
2,774,586
1,594,859
0,763,436
4,21,541
2,501,429
2,879,315
2,310,380
3,628,680
1,729,713
0,759,117
0,491,997
5,788,642
5,599,845
4,248,854
2,701,928
1,601,639
4,217,935
0,657,437
0,280,150
0,757,143
3,746,299
3,350,154
4,783,421
5,880,484
4,696,189
1,411,724
0,155,240
4,882,714
5,32,358
5,566,276
2,969,478
2,703,671
5,149,846
3,509,913
3,695,252
5,878,342
0,926,964
0,567,853
5,28,768
4,433,19
2,803,738
5,79,382
1,124,958
0,30,15
5,966,428
1,857,488
4,41,956
5,577,695
1,231,561
2,212,991
0,421,197
0,847,176
0,39,203
1,41,53
4,44,312
0,434,95
4,233,857
5,354,145
0,528,294
4,717,93
5,371,679
3,306,922
3,785,10
0,544,935
5,805,641
0,366,73
1,519,594
3,43,360
1,861,417
0,816,676
1,946,693
2,61,233
1,572,765
2,381,912
3,477,685
0,969,126
3,89,419
0,580,82
3,147,849
1,989,378
5,170,467
2,403,115
3,75,510
2,346,123
4,632,115
0,346,267
3,318,350
2,539,862
0,4,438
5,980,975
0,660,835
4,931,428
0,809,812
2,0,410
2,417,628
0,622,935
5,81,200
4,829,842
2,267,898
3,933,632
0,260,117
1,517,703
0,95,310
0,861,425
1,845,180
3,660,440
3,176,279
1,142,487
0,937,850
5,785,534
4,778,19
1,751,810
3,715,437
2,614,982
1,544,849
4,882,813
4,20,643
4,826,139
5,931,684
4,59,31
5,101,237
3,414,397
0,800,573
4,164,83
4,120,421
0,25,14
3,884,900
1,957,620
1,371,303
5,588,874
4,447,547
3,609,141
5,644,878
3,562,797
5,394,858
5,793,483
1,210,132
1,412,267
0,229,203
3,823,26
5,198,766
0,220,203
2,438,674
5,181,728
2,310,218
1,876,222
1,462,501
4,812,987
4,200,56
0,478,373
0,865,612
0,299,235
3,639,783
5,704,43
0,853,165
0,770,845
2,984,499
5,72,784
5,325,525
0,271,866
0,823,927
5,782,882
5,878,413
5,808,419
4,49,92
3,154,783
5,517,989
2,476,489
2,298,98
2,913,32
2,532,71
2,973,156
2,189,359
3,820,422
0,389,978
2,677,175
2,80,25
4,274,994
4,369,674
0,826,197
5,319,149
2,508,605
4,327,753
0,560,791
2,113,717
5,74,140
1,967,221
1,994,990
2,116,724
3,157,336
3,607,372
0,944,374
1,638,143
1,186,29
1,159,372
1,69,41
0,444,508
0,764,231
4,308,502
3,370,930
4,329,383
5,188,647
4,262,603
1,224,473
4,318,338
4,798,467
4,77,638
4,202,838
2,644,969
3,482,6
1,887,359
3,262,228
0,905,880
1,343,64
4,168,318
5,540,880
4,299,889
4,109,285
0,823,50
1,841,479
1,41,148
2,723,88
4,156,279
4,931,368
4,13,868
5,564,522
0,467,785
3,332,68
5,461,63
2,442,581
5,96,662
1,711,868
3,47,143
0,478,372
2,93,517
4,816,507
3,119,521
5,900,881
3,31,677
0,92,87
1,837,794
1,294,326
0,314,619
4,65,574
1,923,210
2,963,926
2,460,303
1,750,949
3,414,72
4,683,378
5,737,420
3,380,136
0,62,348
5,682,707
1,259,56
1,329,347
5,822,322
3,232,605
2,499,662
5,981,142
3,207,740
1,133,392
0,319,522
5,679,54
3,220,39
1,555,46
4,26,686
1,44,199
2,947,447
5,300,38
3,843,161
1,398,73
2,146,88
3,621,418
4,988,47
3,412,301
5,125,83
0,537,309
0,41,314
2,642,786
5,974,773
3,888,145
5,212,593
1,965,54
2,423,945
1,498,884
3,211,49
4,550,567
3,34,627
4,859,86
4,787,571
3,59,73
2,869,592
5,289,630
0,167,867
0,469,163
4,329,441
2,213,735
2,44,671
4,269,729
5,512,80
0,882,524
1,604,338
5,396,871
5,660,688
2,669,451
4,219,646
3,542,288
3,29,34
5,216,405
5,32,624
0,996,630
1,399,265
4,928,125
0,840,833
2,309,98
4,382,245
3,785,544
2,835,453
4,559,404
3,677,364
2,49,669
1,529,740
1,610,428
4,455,906
4,211,409
1,580,467
1,628,181
3,364,318
2,944,175
2,175,283
1,640,662
5,625,821
1,216,980
5,437,183
5,485,621
0,545,590
4,828,185
2,762,612
2,311,361
5,821,226
3,923,276
5,557,103
3,921,23
3,486,479
4,824,207
4,797,358
3,654,736
1,455,729
5,366,506
0,194,12
3,877,690
1,926,368
4,314,213
3,635,86
3,474,658
3,540,718
4,291,885
3,851,852
1,195,383
0,606,415
2,821,53
5,993,39
1,469,105
1,200,324
1,760,671
0,250,636
5,740,542
1,265,432
1,357,127
2,819,498
2,417,553
3,945,501
4,355,729
4,221,927
1,462,848
4,43,603
2,626,942
0,494,999
0,247,81
2,349,254
5,832,414
0,671,346
4,506,528
5,775,736
1,621,8
4,944,398
5,889,521
2,348,971
2,783,838
5,543,58
0,356,674
3,531,105
5,422,49
0,161,459
4,325,846
5,403,458
1,952,544
4,802,168
0,632,778
1,699,5
3,124,994
3,152,502
2,109,367
0,932,57
5,235,436
1,860,972
2,10,907
5,526,514
1,143,636
3,794,69
2,839,322
1,293,532
4,233,459
4,777,515
4,317,287
2,980,265
1,230,94
2,261,863
0,236,550
1,476,822
3,222,984
0,981,62
5,720,503
2,907,804
5,764,631
3,195,750
4,997,329
1,338,276
3,430,948
4,791,966
5,519,913
5,284,133
0,200,512
1,142,642
1,241,328
5,694,997
2,160,131
0,950,986
5,849,306
3,115,327
5,822,555
3,994,319
0,331,108
1,578,588
4,646,802
4,494,493
0,399,845
2,17,386
0,636,902
1,182,476
0,464,509
2,471,248
1,148,791
4,115,646
2,786,37
4,57,216
0,973,887
5,785,836
3,989,979
0,377,812
0,649,505
3,920,299
2,221,590
2,838,672
2,677,230
5,424,970
5,764,988
4,634,233
0,828,894
2,327,639
3,833,356
0,772,427
0,327,678
0,421,427
1,16,730
1,289,517
3,145,896
2,240,957
5,50,149
4,697,910
3,533,501
2,200,333
5,996,178
4,325,713
1,36,785
0,314,520
2,308,650
0,397,865
4,751,168
2,902,800
1,575,111
4,584,611
3,59,944
3,763,274
5,481,706
4,926,592
3,925,449
4,353,828
2,196,740
5,426,46
2,25,644
0,468,598
2,485,536
4,629,785
3,659,44
4,937,432
2,670,116
0,741,25
5,547,509
3,888,10
2,49,789
0,191,7
1,374,496
3,71,961
0,135,526
3,883,648
4,682,960
1,745,690
4,485,904
1,237,267
4,157,414
2,453,344
0,756,977
4,792,251
4,870,51
5,467,931
5,733,194
4,469,683
2,185,214
5,323,554
3,163,904
0,845,301
5,331,737
2,878,520
3,7,602
5,299,914
5,691,539
3,801,778
0,467,51
5,430,337
5,814,158
3,489,23
0,280,210
3,966,127
0,401,649
4,254,929
1,265,860
1,840,134
2,898,814
3,31,805
3,846,321
5,106,149
1,585,555
3,234,380
5,644,264
3,839,146
4,174,720
3,983,939
3,981,852
3,192,475
3,127,150
5,68,296
1,31,233
5,872,412
0,770,240
5,12,203
5,601,252
2,426,673
3,414,227
5,78,149
4,883,253
4,32,955
3,784,219
0,463,985
1,251,608
0,895,995
2,485,690
3,782,391
1,717,688
0,100,827
3,690,283
0,129,859
0,226,768
4,326,385
1,634,226
2,329,37
4,549,607
4,459,362
2,555,827
2,908,684
4,665,820
1,468,860
4,939,437
3,476,684
0,993,575
0,414,955
4,857,364
5,697,134
5,484,690
5,840,168
3,882,267
4,204,85
5,921,534
2,592,110
3,269,128
4,379,991
3,729,134
5,753,517
5,342,17
2,795,423
2,500,767
4,541,21
4,539,786
5,590,237
3,342,216
2,923,746
0,819,818
1,690,644
2,943,477
3,88,969
2,120,628
0,48,634
5,769,742
2,11,746
3,515,741
4,192,451
1,448,792
0,929,791
5,972,652
3,337,937
1,276,324
3,743,611
1,500,363
4,54,0
0,18,625
3,29,798
1,297,649
1,564,440
2,524,616
4,906,447
2,446,506
5,403,720
3,181,354
5,979,248
2,89,363
2,273,852
1,218,133
5,528,442
2,808,557
0,585,923
5,816,654
4,27,817
3,191,372
0,922,58
3,88,705
3,399,864
4,105,997
0,951,253
4,436,335
1,698,589
5,267,884
2,130,437
4,180,504
0,627,772
5,615,658
5,362,863
5,60,867
0,541,550
5,304,64
1,348,587
5,707,929
2,902,164
4,110,397
0,840,520
5,114,170
2,102,701
0,341,912
5,867,679
5,623,310
4,518,873
3,834,554
1,972,776
4,902,830
1,731,450
0,11,550
2,729,530
4,917,666
3,437,208
1,711,662
3,255,994
2,666,349
2,900,179
0,339,800
4,472,702
0,703,416
4,321,430
0,868,313
4,868,343
4,279,974
5,431,902
5,18,701
0,424,680
1,173,893
0,943,231
1,984,871
0,970,113
3,804,574
3,143,261
2,353,532
2,507,378
2,287,414
3,905,841
0,573,637
5,893,29
5,907,443
5,584,946
5,30,433
5,144,521
2,420,143
5,431,34
1,899,216
3,330,584
3,134,83
1,336,898
2,510,878
4,824,39
2,437,503
4,113,752
2,522,596
5,791,472
0,764,620
3,390,957
4,436,460
1,518,527
1,501,180
1,28,596
1,606,971
2,614,480
5,23,535
0,117,455
3,179,347
0,139,93
3,378,348
4,331,38
1,678,824
1,152,345
0,314,762
0,608,395
5,387,745
3,850,386
1,77,602
1,566,109
3,753,917
5,273,71
2,426,358
3,267,573
1,584,656
3,639,854
0,614,484
3,274,629
0,640,668
4,459,230
0,842,394
4,594,771
1,177,736
4,724,291
4,695,637
5,162,891
3,289,396
3,753,195
2,774,940
0,310,521
3,456,359
2,277,27
4,950,539
3,302,803
1,263,636
4,392,553
1,320,815
3,30,672
1,853,10
3,950,650
1,785,614
1,185,61
5,945,858
1,727,932
2,169,811
0,188,938
0,220,562
4,897,295
5,910,957
3,561,3
2,373,791
5,807,161
4,279,339
4,775,476
3,21,20
2,708,777
3,783,664
2,148,458
2,755,72
0,109,427
3,190,221
0,59,830
0,504,968
1,152,381
1,208,441
2,912,785
4,564,469
2,227,292
4,247,202
3,958,358
3,884,593
5,603,401
2,359,317
0,112,497
3,714,169
1,692,453
1,232,189
0,347,645
0,294,29
0,4,635
3,783,224
2,914,424
1,379,727
5,290,807
1,869,50
5,892,180
3,749,928
1,754,928
1,989,258
0,168,229
3,206,797
0,908,398
5,507,216
0,457,580
5,832,182
0,609,647
5,693,30
1,779,878
3,12,808
1,713,635
4,339,21
2,396,132
2,972,93
5,301,637
3,723,106
0,504,571
0,612,718
2,890,486
4,631,931
1,290,430
0,774,443
0,432,438
2,814,163
0,183,553
0,830,241
0,798,818
4,860,611
3,611,182
1,467,96
1,229,179
4,369,578
3,21,382
4,569,428
2,952,927
0,492,134
3,147,892
2,222,937
4,303,676
5,296,380
5,839,675
0,821,39
3,477,619
1,253,674
4,258,502
1,678,472
4,211,567
5,305,385
0,596,70
4,142,729
2,390,164
3,883,871
4,857,331
1,277,46
3,297,726
0,850,844
1,603,310
2,260,111
4,855,149
5,882,698
2,249,235
5,74,760
1,412,634
5,547,840
1,673,539
1,917,819
4,658,90
5,600,966
1,603,145
1,407,199
3,384,857
1,589,180
5,265,692
4,778,585
2,468,438
1,1,637
3,623,503
2,811,782
1,753,330
0,620,56
0,659,27
5,659,263
5,630,211
1,407,266
5,635,466
2,776,738
4,924,585
0,965,940
0,605,942
3,605,38
4,259,481
4,897,222
1,242,977
1,762,784
4,35,734
0,568,664
5,814,120
5,372,321
2,769,276
2,814,577
4,525,959
4,753,550
4,893,931
3,708,766
1,978,880
2,910,375
3,372,880
4,864,172
2,548,428
3,954,592
1,408,554
4,208,390
0,953,93
0,222,190
3,928,468
0,558,781
5,121,848
2,190,865
5,623,753
0,982,644
0,326,709
1,570,41
5,566,301
1,807,392
2,768,929
4,873,905
1,506,235
0,749,615
5,801,478
1,360,553
4,872,368
2,187,334
1,18,16
4,625,598
5,487,465
5,550,208
0,667,181
4,214,157
0,132,356
0,700,384
2,570,416
4,950,540
4,52,119
3,251,329
2,272,645
5,398,370
2,268,712
4,733,913
3,862,363
5,962,569
3,962,923
4,468,78
1,923,579
5,118,66
4,664,920
1,10,693
5,458,550
2,661,426
2,400,332
5,590,79
1,928,417
4,716,340
2,311,423
2,493,116
1,385,31
3,31,743
5,342,519
3,631,537
2,320,463
1,876,720
0,202,592
1,358,934
3,676,464
5,799,830
2,694,475
5,517,125
2,529,838
0,797,535
2,733,484
3,574,327
2,428,408
1,832,175
1,484,585
5,652,524
1,505,27
0,93,738
5,563,402
3,213,930
3,521,205
4,400,805
4,119,495
1,258,514
3,490,879
1,306,321
5,750,190
5,186,128
3,895,401
5,993,57
1,726,505
0,259,236
3,355,165
4,153,422
5,585,845
2,551,936
4,26,382
0,410,179
1,494,984
3,836,324
3,281,833
0,626,135
5,583,741
3,669,242
5,817,665
0,387,100
2,657,464
3,104,200
5,77,349
3,492,348
1,632,447
2,349,489
4,578,778
3,355,2
2,689,687
2,235,237
3,270,381
2,258,629
0,168,847
5,281,682
1,275,350
5,759,455
0,355,815
4,358,154
1,747,69
2,702,384
3,739,194
3,591,782
3,967,154
3,911,939
0,668,702
3,844,599
4,576,535
2,505,79
0,764,835
0,285,480
4,556,983
0,426,969
3,433,650
5,484,948
5,332,394
3,732,948
2,179,426
5,572,113
0,252,796
3,414,375
5,57,378
1,991,63
5,273,662
3,159,928
0,68,997
1,910,517
4,625,248
4,607,128
2,635,188
4,678,925
5,508,982
5,129,127
3,266,231
2,623,12
1,93,69
4,351,595
1,380,351
1,357,410
4,925,896
4,391,443
2,341,768
4,24,734
1,706,408
1,921,398
0,92,824
0,687,83
4,141,701
3,703,302
2,78,30
2,414,233
1,856,29
4,958,647
1,188,674
3,936,631
4,763,416
1,185,216
3,738,610
4,618,114
1,300,456
2,74,367
3,970,444
5,368,499
3,960,644
2,651,529
0,312,32
0,454,528
3,829,302
1,640,659
2,307,664
2,989,923
5,507,639
0,871,666
4,649,483
5,440,10
4,530,911
3,892,221
3,82,773
4,269,38
5,179,634
4,714,189
3,183,5
2,993,763
5,680,962
2,746,113
4,641,25
0,0,618
5,77,754
5,853,951
0,374,725
1,260,626
5,895,145
3,890,663
1,358,472
3,97,424
0,204,319
4,855,618
2,645,57
5,335,625
4,813,87
0,313,455
3,292,4
5,858,309
5,793,536
3,990,285
0,556,582
0,603,994
4,13,151
1,649,213
3,235,28
4,267,54
3,635,62
2,60,286
4,155,834
2,113,539
2,65,389
4,532,363
5,978,424
2,492,13
5,6,711
0,295,403
3,236,749
1,530,789
0,15,401
3,603,135
0,474,179
2,307,87
2,440,506
0,532,168
5,455,137
5,19,998
1,735,824
1,757,392
4,883,368
5,970,729
5,726,14
5,719,854
4,564,53
2,599,659
4,189,28
1,172,246
0,783,905
1,270,500
2,500,556
0,810,251
1,234,424
5,480,973
0,242,328
3,800,256
1,387,823
3,572,301
1,219,221
2,584,512
2,130,767
2,682,62
0,918,693
4,337,941
3,875,292
4,495,647
2,135,25
1,668,306
0,146,911
1,127,926
2,956,529
3,902,789
0,97,264
5,42,507
0,410,826
5,568,182
3,225,469
3,839,856
4,114,981
3,117,322
5,472,854
0,857,391
2,540,966
5,972,700
2,607,703
1,196,116
3,30,697
4,898,49
0,751,302
1,771,383
2,152,821
4,509,180
1,832,198
0,532,238
3,735,976
3,496,476
1,645,930
4,438,960
3,868,284
2,4,31
4,749,110
4,178,827
0,723,442
2,415,436
5,679,638
2,176,5
1,264,396
1,803,28
4,989,608
0,68,925
3,605,174
3,122,32
3,765,357
3,8,276
2,371,275
2,947,63
2,979,560
0,422,116
2,223,889
0,846,298
0,757,765
1,57,323
2,321,280
4,819,257
1,494,971
0,28,950
5,280,623
3,668,348
2,430,127
5,25,909
5,712,661
2,777,165
1,755,148
0,486,256
1,459,516
1,917,127
5,236,493
0,552,360
2,453,774
4,116,659
0,759,732
3,622,666
4,213,696
5,890,670
2,895,658
2,997,947
0,159,532
1,762,337
2,558,903
0,328,839
4,614,804
3,588,996
0,254,182
2,889,957
0,293,696
0,134,362
4,344,8
0,871,143
3,843,614
5,765,155
3,679,127
5,53,411
4,660,178
3,957,203
0,161,499
3,731,614
5,94,727
1,668,734
3,170,738
4,386,289
3,4,553
3,353,457
4,15,756
3,276,716
4,654,266
0,843,875
4,885,110
0,399,666
0,707,877
3,272,436
2,360,47
2,933,23
1,364,542
4,799,502
1,52,375
3,734,103
1,37,336
2,54,131
3,541,677
5,953,777
3,486,136
5,136,169
1,704,358
0,464,534
3,273,39
2,9,873
0,141,349
2,699,294
0,118,252
4,873,406
4,551,143
0,784,899
5,752,325
5,631,110
5,914,423
4,112,879
3,808,19
2,609,357
3,265,604
5,269,180
1,103,861
4,719,447
3,273,595
2,634,65
3,533,188
1,148,589
1,431,692
1,247,199
2,244,517
1,855,969
4,80,648
3,163,438
5,150,336
3,922,204
5,444,161
0,116,841
0,718,909
3,596,602
1,792,941
5,713,503
5,800,707
3,485,406
5,710,37
2,843,264
2,146,639
0,473,557
4,594,307
4,108,819
1,60,272
5,427,251
3,463,755
5,358,789
3,221,690
0,213,759
1,558,572
5,123,96
5,6,581
2,95,509
1,763,525
4,615,88
3,828,822
5,163,28
2,983,59
5,889,904
3,209,288
0,24,448
3,193,893
0,459,358
5,39,148
2,811,745
4,659,530
3,639,475
4,379,969
3,791,855
4,142,653
4,795,530
5,63,556
4,519,663
5,390,306
1,422,801
4,511,32
4,26,456
0,666,209
1,404,275
4,551,197
5,33,479
1,505,532
4,881,680
4,587,420
4,4,466
4,52,756
0,344,290
2,487,642
2,440,513
4,643,568
3,261,44
5,31,290
3,292,959
0,739,923
5,595,82
3,178,418
5,909,510
4,410,668
3,569,188
1,216,929
3,319,787
2,751,896
2,492,784
5,86,605
1,792,838
4,144,677
4,989,150
1,150,243
1,544,953
3,52,234
1,9,545
0,930,754
3,152,619
5,259,868
5,938,918
2,941,429
5,601,666
3,274,285
1,742,256
2,259,81
0,113,405
1,862,125
2,510,578
2,516,107
1,235,681
1,910,97
2,247,333
3,108,54
1,695,803
5,983,506
0,715,112
1,705,46
0,790,740
1,552,71
4,167,809
0,712,831
1,2,518
0,426,552
1,733,898
4,659,995
1,136,462
0,672,140
2,773,131
3,626,654
5,162,94
0,518,793
5,321,917
4,237,356
1,980,874
0,147,331
2,255,337
5,487,472
0,462,132
2,818,915
2,619,696
1,711,156
5,980,417
5,701,867
0,858,950
3,950,693
5,11,222
0,887,200
5,631,647
4,583,309
3,332,436
1,323,89
1,936,474
0,656,91
2,338,703
0,570,466
3,849,21
3,411,251
5,935,625
5,252,225
0,733,563
2,549,155
5,427,751
0,161,831
2,461,347
5,903,652
4,263,571
4,415,944
1,90,365
0,612,776
2,800,159
5,815,268
4,199,947
0,256,939
2,227,796
0,703,970
1,789,39
5,838,853
4,543,285
1,757,7
2,672,901
5,54,43
1,123,119
2,735,422
3,712,727
1,860,484
0,678,896
4,55,816
0,328,766
3,911,143
5,883,293
0,869,66
4,588,550
0,344,903
1,623,792
0,262,335
2,772,950
5,784,795
2,136,92
4,683,549
2,961,816
4,349,389
2,494,24
3,352,217
2,718,132
5,624,487
2,565,972
3,905,308
4,21,910
5,742,932
0,696,560
3,734,4
2,165,641
5,954,621
0,177,767
0,351,232
2,124,873
1,360,840
4,859,679
3,610,640
3,205,809
2,921,59
2,862,745
0,825,365
0,996,667
2,425,793
4,290,355
2,917,21
4,204,154
1,479,58
3,866,815
5,213,58
2,295,485
2,530,163
5,183,620
4,157,671
3,434,529
5,509,453
1,495,844
1,754,954
2,97,329
3,576,913
3,579,300
1,463,618
0,983,243
5,301,941
1,222,886
3,578,471
5,8,752
4,386,105
4,820,527
3,413,332
1,573,587
1,541,220
2,929,1
5,970,45
3,174,913
2,71,274
5,846,787
5,849,133
5,975,0
0,575,991
5,884,720
5,42,108
1,408,858
2,719,74
0,327,452
2,642,372
2,295,142
5,710,947
3,979,644
2,385,295
0,958,62
5,524,282
5,768,390
1,14,916
5,117,913
5,33,992
0,208,396
2,43,587
1,419,208
3,311,711
1,406,335
3,685,202
4,586,522
0,581,410
5,287,138
3,470,626
4,623,325
3,79,499
1,311,66
5,495,576
4,646,161
2,724,5
1,483,307
0,52,170
0,578,717
4,539,489
2,606,501
0,804,369
4,216,454
2,451,358
2,866,747
0,580,474
1,349,897
0,529,354
3,881,239
2,271,470
2,296,270
4,45,564
2,246,786
1,845,178
0,21,643
3,577,767
4,823,197
4,89,622
3,528,898
0,918,320
5,750,645
0,829,563
3,843,890
3,424,792
0,757,749
4,256,614
2,763,889
5,669,233
5,623,641
2,52,736
1,5,313
1,451,301
5,50,245
3,173,85
4,985,405
2,493,166
1,921,613
3,45,84
0,745,774
2,830,274
2,359,760
1,214,493
4,405,508
4,977,434
3,334,291
3,45,914
4,921,37
2,270,478
5,632,384
1,290,792
2,156,50
3,294,459
5,34,119
0,869,891
4,75,335
4,231,663
2,129,161
5,51,496
5,207,423
4,889,336
5,967,557
2,394,646
0,199,866
4,938,887
0,60,248
5,678,47
4,898,941
5,450,784
5,193,742
3,491,36
4,681,576
1,422,554
0,651,866
4,303,293
4,615,473
5,196,377
4,741,443
3,28,578
0,910,157
0,388,436
5,197,806
5,635,654
0,442,474
4,163,426
1,387,673
2,752,389
1,786,327
5,449,749
3,112,490
0,110,921
3,462,779
0,751,694
5,566,193
2,804,888
4,570,668
3,487,502
1,908,622
2,813,314
4,272,792
2,663,550
0,562,350
5,745,505
5,957,133
3,839,732
0,90,142
3,806,440
0,115,423
4,830,586
1,81,156
5,993,789
4,434,373
1,303,938
2,830,626
0,722,8
5,627,143
4,975,737
1,503,109
1,361,113
2,409,537
3,508,394
4,682,430
1,468,796
1,279,364
2,14,682
4,699,325
3,615,479
3,81,237
1,866,405
1,429,547
2,303,161
5,143,852
5,423,512
0,176,717
2,154,724
4,749,44
5,328,307
4,169,719
1,491,163
5,807,516
2,931,205
4,48,39
2,670,12
0,367,182
3,465,491
0,8,444
4,811,661
1,800,793
0,837,132
2,996,303
0,80,736
1,220,8
0,958,861
4,352,710
2,756,306
0,565,597
4,807,269
5,928,755
0,407,969
1,991,448
1,175,922
4,877,968
5,726,930
0,262,317
3,727,123
5,317,868
4,488,233
2,3,272
1,313,906
2,229,355
3,905,998
2,794,19
0,651,531
3,10,85
5,737,34
5,454,702
0,767,842
4,243,986
1,721,964
2,682,619
4,430,966
0,677,775
1,679,751
0,597,92
1,703,239
2,113,270
4,871,737
4,994,601
4,796,131
1,906,307
3,445,733
4,102,870
4,175,93
2,268,428
3,12,807
0,982,15
4,395,583
5,917,766
4,838,202
4,459,823
2,347,179
0,498,258
0,801,391
2,319,117
1,167,683
0,374,205
1,249,799
3,236,255
0,756,852
0,305,971
5,106,75
2,352,821
3,287,740
4,523,465
3,608,859
2,204,18
5,835,236
5,671,14
4,68,476
3,84,313
5,267,871
2,400,261
2,197,449
0,753,762
4,57,903
1,464,270
1,260,830
4,522,241
2,657,935
5,973,211
3,333,488
4,93,964
2,701,982
4,111,544
4,121,657
2,76,523
5,159,730
5,777,601
5,994,316
1,199,257
5,346,458
1,245,711
0,32,218
1,155,364
0,279,909
5,914,699
5,667,688
0,903,59
1,772,527
4,103,916
3,31,572
4,253,305
0,925,918
2,678,423
5,535,67
0,336,225
2,564,865
2,127,733
0,669,98
4,776,269
0,551,315
2,84,922
1,604,171
0,804,257
5,156,294
1,499,630
0,473,615
2,432,628
5,967,542
3,579,65
4,729,543
1,165,22
3,109,19
5,303,670
5,940,482
0,629,267
0,144,518
0,375,335
3,487,150
2,925,840
5,601,988
2,148,535
3,546,521
4,978,710
0,294,160
4,602,528
2,965,820
3,112,332
3,979,375
3,872,850
0,123,625
2,81,48
5,71,979
4,945,605
3,198,772
2,655,889
2,953,711
5,820,512
2,971,461
1,534,295
2,167,501
2,444,508
3,701,454
0,864,770
4,361,136
4,716,515
5,181,640
1,630,718
3,862,983
1,574,546
1,530,952
3,155,124
2,438,873
3,870,987
2,277,63
4,783,776
3,943,815
4,97,215
2,33,659
3,620,228
3,822,364
4,777,786
3,661,710
4,187,818
5,12,345
4,761,58
0,966,38
5,1,666
2,675,743
3,542,704
5,841,965
4,8,205
4,94,71
3,405,557
4,202,952
0,300,691
2,775,239
3,81,980
5,434,993
2,484,645
3,926,871
4,589,552
2,357,531
3,331,504
0,447,620
0,478,502
2,614,500
3,383,787
1,229,947
2,26,30
5,90,122
4,584,586
4,501,379
0,690,70
0,825,735
2,914,797
5,425,197
3,697,952
5,925,526
2,154,157
4,626,180
2,437,879
2,52,55
4,972,877
3,574,11
5,861,213
4,743,409
1,551,446
0,413,893
5,866,910
4,861,813
2,471,240
3,90,824
4,434,351
0,174,739
5,523,679
5,202,20
2,954,446
5,177,757
0,935,162
0,708,509
4,836,299
0,416,299
5,438,978
1,125,779
3,329,964
2,64,537
4,457,412
5,401,78
2,624,65
4,570,111
3,531,752
5,585,461
3,14,993
4,575,371
1,355,407
5,875,449
3,642,705
4,433,456
2,694,157
5,722,281
3,547,255
3,582,180
0,7,456
0,345,849
3,668,343
4,217,395
4,803,603
2,893,834
0,328,280
4,801,612
2,438,916
3,420,344
2,467,721
1,452,439
4,854,465
0,269,177
3,228,865
1,760,454
3,430,913
3,19,910
5,67,409
3,640,627
1,327,91
2,775,798
3,44,202
0,762,848
2,554,701
3,992,688
0,710,421
0,950,285
1,872,579
2,29,585
3,968,525
5,291,109
2,662,727
4,201,366
0,758,4
3,659,214
1,648,300
3,971,937
1,231,790
4,73,901
1,628,141
0,610,253
1,524,709
3,395,820
3,668,833
0,344,487
3,135,189
5,5,398
3,83,872
2,326,798
1,155,891
0,13,622
2,258,989
2,812,747
3,447,714
0,832,887
5,632,582
0,820,18
1,525,351
3,43,516
3,503,459
0,661,355
4,69,394
0,837,659
2,780,396
2,102,506
0,599,73
5,311,972
4,629,298
0,75,223
2,261,172
5,278,345
0,132,148
4,233,419
0,213,277
2,368,599
0,871,389
4,638,351
2,982,727
2,208,834
3,732,383
2,216,805
2,94,795
4,720,126
0,784,59
0,45,996
4,142,412
3,888,918
1,176,472
4,681,999
2,284,55
4,558,344
0,918,367
3,869,605
5,739,515
1,236,496
1,229,586
2,869,559
3,463,723
3,471,163
4,17,993
3,87,918
0,126,410
4,432,586
5,269,755
2,460,621
0,538,470
2,815,957
0,785,604
0,437,171
2,424,257
2,691,923
5,209,638
3,250,931
5,498,509
4,565,335
5,75,695
5,811,17
1,369,512
5,632,99
1,334,479
5,730,771
0,921,937
4,213,679
2,890,852
0,932,782
0,298,877
0,806,841
0,860,99
5,743,798
0,274,384
2,480,820
0,147,756
1,27,787
1,551,986
3,74,690
1,769,563
3,334,805
2,343,266
4,701,432
3,632,7
1,630,645
1,768,81
2,930,616
4,830,90
5,525,805
0,19,865
1,512,790
3,294,80
2,263,674
5,959,765
3,585,799
2,378,396
0,413,151
3,643,277
2,277,754
0,211,838
5,852,367
0,724,624
5,747,567
1,763,360
2,413,911
2,667,180
4,621,265
3,59,777
5,264,985
2,555,449
5,348,884
5,651,548
2,382,337
0,187,980
5,981,478
4,805,949
5,913,466
3,839,636
0,531,542
1,545,673
1,172,734
5,427,20
2,272,935
2,141,828
0,88,289
2,948,393
4,893,546
0,830,174
1,207,223
4,179,21
0,58,271
0,107,919
1,355,284
3,74,211
2,969,315
1,438,134
2,481,940
2,292,376
2,924,442
1,354,355
0,37,604
5,233,230
